set_id,t_sec,movement_raw,phone_proxy_raw,texture_density_raw,lighting_flux_raw,motion_change_raw,face_count_raw,face_area_ratio_raw,movement_norm,phone_proxy_norm,texture_density_norm,lighting_flux_norm,motion_change_norm,face_count_norm,face_area_ratio_norm,crowd_energy_v1,crowd_energy,crowd_energy_smooth,moment_type,track,track_source,track_confidence
set_1_unknown_dj,0,0.0,0.0,0.0,0.0,0.0,0.0,0.0,0.0,0.0,0.0,0.0,0.0,0.0,0.0,0.0,0.0,0.3239909710692041,low,Unknown,none,0.0
set_1_unknown_dj,10,3.36346435546875,0.3472222222222222,0.0929904513888889,0.1831550415305011,0.5017361111111112,0.0,0.0,0.4912271709499659,0.3999999999999999,1.0,0.8397984307389222,0.7032200502879391,0.0,0.0,0.4638590196649761,0.547343996567117,0.3355439628783159,low,Unknown,none,0.0
set_1_unknown_dj,20,3.4573118686676025,0.2604166666666667,0.0702690972222222,0.0859106640341321,0.2892361111111111,0.0,0.0,0.5049334105699596,0.3,0.7556592765460909,0.3939156696791668,0.4053856760483413,0.0,0.0,0.4434533873989716,0.4246289166404955,0.3507953242108325,low,Unknown,none,0.0
set_1_unknown_dj,40,3.5072855949401855,0.2604166666666667,0.0725549768518518,0.0695399589233841,0.2458405671296296,0.0,0.0,0.5122319722861837,0.3,0.7802411513029949,0.3188530760032711,0.3445636304647578,0.0,0.0,0.4485623806003285,0.4118007695408989,0.3896473263881098,low,Unknown,none,0.0
set_1_unknown_dj,50,3.136812210083008,0.2604166666666667,0.0694661458333333,0.0714982468681917,0.2533347800925926,0.0,0.0,0.4581250832211183,0.3,0.747024504084014,0.3278321744176079,0.3550673209506042,0.0,0.0,0.4106875582547827,0.3881890709114056,0.3935895681913554,low,Unknown,none,0.0
set_1_unknown_dj,100,2.379904270172119,0.3472222222222222,0.0474537037037037,0.0434638253449527,0.1566044560185185,1.0,0.02109375,0.3475802084441787,0.3999999999999999,0.5103072734344613,0.1992893671590438,0.2194926595830967,0.5,0.2283655728717989,0.3633061459109251,0.3387691285037698,0.3785511272829689,low,Unknown,none,0.0
set_1_unknown_dj,110,2.3564352989196777,0.3472222222222222,0.042238136574074,0.0439061648965141,0.1512152777777777,0.0,0.0,0.3441526126277705,0.3999999999999999,0.4542201478024115,0.2013175726517827,0.2119393300348771,0.0,0.0,0.3609068288394393,0.3089712519738724,0.3425947449790995,low,Unknown,none,0.0
set_1_unknown_dj,120,2.760697841644287,0.3472222222222222,0.0439236111111111,0.0448402607570806,0.1514178240740741,0.0,0.0,0.4031943399054106,0.3999999999999999,0.472345390898483,0.2056005682565354,0.2122232135615216,0.0,0.0,0.4022360379337874,0.3371171290969914,0.3236694977954027,low,Unknown,none,0.0
set_1_unknown_dj,130,2.2220754623413086,0.3472222222222222,0.0483723958333333,0.0359772433278867,0.1188585069444444,0.0,0.0,0.3245296300608886,0.3999999999999999,0.5201866977829638,0.1649620574819945,0.1665889366534187,0.0,0.0,0.3471707410426219,0.2934508707041892,0.3346323064037393,low,Unknown,none,0.0
set_1_unknown_dj,140,2.4752097129821777,0.4340277777777778,0.0467592592592592,0.048599026416122,0.1341145833333333,0.0,0.0,0.3614993757371511,0.5,0.5028393621159082,0.2228351771190637,0.1879714494281774,0.0,0.0,0.4030495630160057,0.3400391086981907,0.3675782041702868,low,Unknown,none,0.0
set_1_unknown_dj,150,3.1477296352386475,0.3472222222222222,0.036255787037037,0.076866716594045,0.2450665509259259,0.0,0.0,0.4597195510990202,0.3999999999999999,0.3898872034227926,0.3524475626349736,0.3434787898450807,0.0,0.0,0.4418036857693141,0.3935831715454528,0.3613562940320507,low,Unknown,none,0.0
set_1_unknown_dj,160,3.727072954177856,0.3472222222222222,0.0666087962962962,0.102373280909586,0.3034215856481481,0.0,0.0,0.5443314718730727,0.3999999999999999,0.716297160637884,0.4693996951383292,0.4252676616108362,0.0,0.0,0.5010320303111508,0.4737007408066099,0.3790375537144707,low,Unknown,none,0.0
set_1_unknown_dj,170,2.1218981742858887,0.3472222222222222,0.0692346643518518,0.0459094725853304,0.1266493055555555,0.0,0.0,0.3098989396167065,0.3999999999999999,0.7445352003111629,0.2105030945969974,0.1775083137318517,0.0,0.0,0.3369292577316945,0.3060075784058108,0.385295999461267,low,Unknown,none,0.0
set_1_unknown_dj,180,2.844822883605957,0.3472222222222222,0.0668258101851851,0.0672454838416848,0.2333767361111111,0.0,0.0,0.4154806322520762,0.3999999999999999,0.7186308829249319,0.3083324997915604,0.3270946548787412,0.0,0.0,0.4108364425764533,0.3818571691162891,0.3640719009923151,low,Unknown,none,0.0
set_1_unknown_dj,190,2.9969491958618164,0.3472222222222222,0.0684389467592592,0.0478717036583151,0.1758246527777777,0.0,0.0,0.4376983726824137,0.3999999999999999,0.7359782185919874,0.2195002729551226,0.2464311785221834,0.0,0.0,0.4263888608776895,0.3713313374321723,0.3316003780112629,low,Unknown,none,0.0
set_1_unknown_dj,200,2.118452548980713,0.3472222222222222,0.0679470486111111,0.0290189553830791,0.0837745949074074,0.0,0.0,0.3093957130051138,0.3999999999999999,0.7306884480746791,0.1330570700579612,0.1174162543596398,0.0,0.0,0.3365769991035797,0.2874626792006933,0.3572322761529509,low,Unknown,none,0.0
set_1_unknown_dj,210,2.4055938720703125,0.3472222222222222,0.0699291087962963,0.0322360657225853,0.0961226851851851,0.0,0.0,0.3513321228781052,0.3999999999999999,0.752003111629716,0.1478080929730542,0.134723010787574,0.0,0.0,0.3659324860146736,0.3113431259013487,0.355884896227076,low,Unknown,none,0.0
set_1_unknown_dj,220,3.6958372592926025,0.3472222222222222,0.0658781828703703,0.0646598129992737,0.2238715277777777,0.0,0.0,0.5397695617680371,0.3999999999999999,0.7084402956048229,0.2964767392418156,0.3137724065212101,0.0,0.0,0.497838693237626,0.4341670691142512,0.3667072031279331,low,Unknown,none,0.0
set_1_unknown_dj,230,2.833449602127075,0.3472222222222222,0.0787037037037037,0.0578954758986928,0.1909577546296296,0.0,0.0,0.4138195874795324,0.3999999999999999,0.8463632827693505,0.2654610509233974,0.2676413334414794,0.0,0.0,0.4096737112356727,0.3751202694869147,0.3874918840121432,low,Unknown,none,0.0
set_1_unknown_dj,350,4.267181396484375,0.3472222222222222,0.0528645833333333,0.1276306338507625,0.3961588541666667,0.0,0.0,0.6232132182156612,0.3999999999999999,0.5684947491248541,0.5852091491799576,0.555245762024495,0.0,0.0,0.5562492527509628,0.5321766342327334,0.5214762511959774,high,Fred again.. - Kammy (like i do),audio_fingerprint,0.81
set_1_unknown_dj,370,3.747756004333496,0.3472222222222222,0.0760344328703703,0.1310533258442265,0.3832465277777778,1.0,0.0052734375,0.5473521895441404,0.3999999999999999,0.8176584986386619,0.6009028005312642,0.5371481872009084,0.5,0.0570913932179497,0.5031465326808983,0.5360416490265768,0.5045934753947199,high,Fred again.. - Kammy (like i do),audio_fingerprint,0.81
set_1_unknown_dj,380,2.7793452739715576,0.1736111111111111,0.0807508680555555,0.0500886494644153,0.1655381944444444,1.0,0.0074074074074074,0.4059177597069948,0.1999999999999999,0.8683780630105016,0.2296653636533557,0.2320139508475951,0.5,0.0801942203774767,0.3441424317948963,0.3487330946514356,0.5032538877128406,high,Fred again.. - Kammy (like i do),audio_fingerprint,0.81
set_1_unknown_dj,430,4.204273700714111,0.3472222222222222,0.0513744212962962,0.1320995313634713,0.4129991319444444,0.0,0.0,0.6140256763961788,0.3999999999999999,0.5524698560871256,0.6056998388543716,0.578848649525509,0.0,0.0,0.5498179734773251,0.5326748879633434,0.5061071832891122,high,Fred again.. - Kammy (like i do),audio_fingerprint,0.81
set_1_unknown_dj,440,4.446639537811279,0.1736111111111111,0.0774016203703703,0.1484137277596224,0.4390769675925925,0.0,0.0,0.6494227170392837,0.1999999999999999,0.8323609490470633,0.6805033300264814,0.6153986535809879,0.0,0.0,0.5145959019274985,0.5374736349821019,0.527110117627532,high,Fred again.. - Kammy (like i do),audio_fingerprint,0.81
set_1_unknown_dj,450,4.935277938842773,0.3472222222222222,0.0559751157407407,0.1475927911673928,0.437550636574074,0.0,0.0,0.7207873678838631,0.3999999999999999,0.6019447685725398,0.676739189786991,0.613259388433774,0.0,0.0,0.6245511575187042,0.5972883712877916,0.5228909806896154,high,Fred again.. - Kammy (like i do),audio_fingerprint,0.81
set_1_unknown_dj,870,3.3184235095977783,0.3472222222222222,0.0740596064814814,0.0782795762981118,0.2994357638888889,1.0,0.011574074074074,0.4846490464461588,0.3999999999999999,0.7964216258265265,0.3589257755873152,0.4196812393543677,0.5,0.1253034693398073,0.4592543325123111,0.4587201424656318,0.5162889761533116,high,Fred again.. - Tanya (Maybe Life),audio_fingerprint,0.87
set_1_unknown_dj,940,4.286737442016602,0.3472222222222222,0.0820457175925925,0.136513537127814,0.4416015625,0.0,0.0,0.6260693391393586,0.3999999999999999,0.8823026059898871,0.6259388401026681,0.618937058966664,0.0,0.0,0.558248537397551,0.5616308648242724,0.5112628140526928,high,Fred again.. - Tanya (Maybe Life),audio_fingerprint,0.87
set_1_unknown_dj,1030,4.535336494445801,0.2604166666666667,0.0832103587962962,0.1399160028594771,0.4513237847222222,0.0,0.0,0.6623767282832577,0.3,0.8948269155970439,0.6415397504473487,0.6325634682455998,0.0,0.0,0.5536637097982803,0.5622981828989805,0.5340578518017053,high,Fred again.. & Delilah Montagu - Delilah (pull me out of this),audio_fingerprint,0.81
set_1_unknown_dj,1040,4.203778266906738,0.3472222222222222,0.0261357060185185,0.1295121584513434,0.4160228587962963,0.0,0.0,0.6139533192899728,0.3999999999999999,0.2810579541034617,0.5938362740123441,0.5830866250304161,0.0,0.0,0.5497673235029809,0.517715994990554,0.5270062670108127,high,Fred again.. & Delilah Montagu - Delilah (pull me out of this),audio_fingerprint,0.81
set_1_unknown_dj,1240,3.6836774349212646,0.3472222222222222,0.0772063078703703,0.0850342116013072,0.2716145833333333,1.0,0.011574074074074,0.5379936439957947,0.3999999999999999,0.8302605989887203,0.3898969794397221,0.38068780923027,0.5,0.1253034693398073,0.4965955507970563,0.485163497586529,0.3936262878430345,low,Fred again.. & Delilah Montagu - Delilah (pull me out of this),audio_fingerprint,0.81
set_1_unknown_dj,1490,4.166821479797363,0.3472222222222222,0.0533854166666666,0.1509917960239651,0.4667100694444444,0.0,0.0,0.6085558552289605,0.3999999999999999,0.5740956826137689,0.69232423140403,0.6541284775732014,0.0,0.0,0.5459890986602723,0.5518164014516453,0.5014592602115102,high,Fred again.. & Delilah Montagu - Delilah (pull me out of this),audio_fingerprint,0.81
set_1_unknown_dj,1500,3.803979396820069,0.3472222222222222,0.0840422453703703,0.186462162990196,0.6009331597222223,0.0,0.0,0.5555635023792187,0.3999999999999999,0.9037728510307274,0.8549621706442327,0.8422520074620813,0.0,0.0,0.508894451665453,0.5876617449650279,0.5013695462907809,high,"Matt Jam Lamont, Echelon (UKG) & Smokey Bubblin' B - Haribo",audio_fingerprint,0.81
set_1_unknown_dj,1510,3.2381131649017334,0.3472222222222222,0.0805627893518518,0.1111096643518518,0.3777560763888888,2.0,0.0608362268518518,0.4729198829249486,0.3999999999999999,0.8663555036950602,0.5094575665670362,0.5294529158893665,1.0,0.6586263607173624,0.451043918047464,0.515495649074972,0.5210196440608792,high,"Matt Jam Lamont, Echelon (UKG) & Smokey Bubblin' B - Haribo",audio_fingerprint,0.81
set_1_unknown_dj,1520,3.1249589920043945,0.3472222222222222,0.0851128472222222,0.0707333367374727,0.269068287037037,0.0,0.0,0.4563939446782218,0.3999999999999999,0.9152858809801632,0.324324925465757,0.3771189877524535,0.0,0.0,0.4394757612747553,0.4175022067493169,0.5046446104950563,high,"Matt Jam Lamont, Echelon (UKG) & Smokey Bubblin' B - Haribo",audio_fingerprint,0.81
set_1_unknown_dj,1750,3.498523235321045,0.3472222222222222,0.070044849537037,0.0642529048656499,0.2278067129629629,2.0,0.0211588541666666,0.5109522473741126,0.3999999999999999,0.7532477635161414,0.2946109931000952,0.3192878578960175,1.0,0.2290704048868353,0.4776665731618787,0.4737113342487737,0.5095381701289112,high,⣎⡇ꉺლ༽இ•̛)ྀ◞ ༎ຶ ༽ৣৢ؞ৢ؞ؖ ꉺლ - ()vȯ)) ̷̨ʅ(۝ʅ(Ɵʅ():::()̵̳̗̊(Ɵʅ()vȯ)) ̷̨ʅ,audio_fingerprint,0.81
set_1_unknown_dj,1970,3.9973714351654057,0.3472222222222222,0.0278067129629629,0.1531892814996369,0.4928602430555555,0.0,0.0,0.5838080186994719,0.3999999999999999,0.29902761571373,0.7024000930271641,0.6907798686024819,0.0,0.0,0.5286656130896302,0.5321029900147716,0.4996022826881563,high,⣎⡇ꉺლ༽இ•̛)ྀ◞ ༎ຶ ༽ৣৢ؞ৢ؞ؖ ꉺლ - ()vȯ)) ̷̨ʅ(۝ʅ(Ɵʅ():::()̵̳̗̊(Ɵʅ()vȯ)) ̷̨ʅ,audio_fingerprint,0.81
set_1_unknown_dj,2120,6.847064971923828,0.5208333333333334,0.0704788773148148,0.0967388627904865,0.3487991898148148,0.0,0.0,1.0,0.6,0.7579152080902372,0.4435648862517897,0.4888677102765836,0.0,0.0,0.8799999999999999,0.7233172643699387,0.5077074843394712,high,⣎⡇ꉺლ༽இ•̛)ྀ◞ ༎ຶ ༽ৣৢ؞ৢ؞ؖ ꉺლ - ()vȯ)) ̷̨ʅ(۝ʅ(Ɵʅ():::()̵̳̗̊(Ɵʅ()vȯ)) ̷̨ʅ,audio_fingerprint,0.81
set_1_unknown_dj,2130,3.236124277114868,0.5208333333333334,0.0757233796296296,0.0852674802559912,0.2937789351851851,1.0,0.0305627893518518,0.4726294098835767,0.6,0.8143134966938934,0.3909665576970678,0.4117527780030821,0.5,0.3308794737254288,0.5108405869185038,0.4982191707371726,0.5243704966860822,high,⣎⡇ꉺლ༽இ•̛)ྀ◞ ༎ຶ ༽ৣৢ؞ৢ؞ؖ ꉺლ - ()vȯ)) ̷̨ʅ(۝ʅ(Ɵʅ():::()̵̳̗̊(Ɵʅ()vȯ)) ̷̨ʅ,audio_fingerprint,0.81
set_1_unknown_dj,2140,4.016947269439697,0.5208333333333334,0.0760706018518518,0.0806833809912854,0.2723668981481481,1.0,0.05859375,0.5866670297289512,0.6,0.81804745235317,0.3699476475066522,0.3817422337578067,0.5,0.6343488135327747,0.5906669208102658,0.543568906497465,0.5297776656446738,high,⣎⡇ꉺლ༽இ•̛)ྀ◞ ༎ຶ ༽ৣৢ؞ৢ؞ؖ ꉺლ - ()vȯ)) ̷̨ʅ(۝ʅ(Ɵʅ():::()̵̳̗̊(Ɵʅ()vȯ)) ̷̨ʅ,audio_fingerprint,0.81
set_1_unknown_dj,2250,3.5418972969055176,0.2604166666666667,0.0695023148148148,0.0518348878903413,0.1763527199074074,0.0,0.0,0.5172869414017472,0.3,0.7474134577985219,0.2376721773208047,0.2471713034309351,0.0,0.0,0.4521008589812231,0.3905177534619266,0.3924504949169264,low,Fred again.. & Swedish House Mafia - Turn On The Lights again.. (feat. Future),audio_fingerprint,0.84
set_1_unknown_dj,2260,3.174727439880371,0.2604166666666667,0.081300636574074,0.0644001906318082,0.2273220486111111,1.0,0.0195601851851851,0.4636625258995263,0.3,0.874290159471023,0.2952863245256259,0.3186085651715467,0.5,0.2117628631842744,0.4145637681296683,0.4135164498243365,0.3904200855499561,low,Fred again.. & Swedish House Mafia - Turn On The Lights again.. (feat. Future),audio_fingerprint,0.84
set_1_unknown_dj,2270,3.0726189613342285,0.2604166666666667,0.0723379629629629,0.0570763832153231,0.1937210648148148,0.0,0.0,0.4487497889874574,0.3,0.7779074290159471,0.26170536533388,0.2715143158407008,0.0,0.0,0.4041248522912202,0.3672400128793052,0.387799789110458,low,Fred again.. & Swedish House Mafia - Turn On The Lights again.. (feat. Future),audio_fingerprint,0.84
set_1_unknown_dj,2410,3.654950618743897,0.3472222222222222,0.0806061921296296,0.1300734726761075,0.3942201967592592,0.0,0.0,0.533798150555151,0.3999999999999999,0.8668222481524699,0.5964099995356448,0.552528591126612,0.0,0.0,0.4936587053886057,0.5082646392004494,0.5050960863001861,high,Fred again.. & Swedish House Mafia - Turn On The Lights again.. (feat. Future),audio_fingerprint,0.84
set_1_unknown_dj,2420,3.755173921585083,0.8680555555555556,0.0263744212962962,0.1327468001089324,0.3929759837962963,0.0,0.0,0.5484355613657902,1.0,0.2836250486192143,0.6086676811379492,0.5507847351772244,0.0,0.0,0.6839048929560532,0.6073558807339812,0.5265673509327685,high,Fred again.. & Swedish House Mafia - Turn On The Lights again.. (feat. Future),audio_fingerprint,0.84
set_1_unknown_dj,2430,3.4671192169189453,0.3472222222222222,0.0737268518518518,0.1448622741920842,0.4767288773148148,0.0,0.0,0.5063657539596539,0.3999999999999999,0.7928432516530532,0.6642192839639874,0.6681705734447239,0.0,0.0,0.4744560277717577,0.5139567018035675,0.525034752175045,high,Fred again.. & Swedish House Mafia - Turn On The Lights again.. (feat. Future),audio_fingerprint,0.84
set_1_unknown_dj,2440,4.207015514373779,0.3472222222222222,0.0345196759259259,0.1168481072984749,0.3820457175925926,0.0,0.0,0.6144261127394749,0.3999999999999999,0.3712174251264099,0.5357693477835875,0.5354651634358017,0.0,0.0,0.5500982789176324,0.5089645405002025,0.5002188280153186,high,Fred again.. & Swedish House Mafia - Turn On The Lights again.. (feat. Future),audio_fingerprint,0.84
set_1_unknown_dj,2800,3.981994152069092,0.2604166666666667,0.0836660879629629,0.0879789624183006,0.2998987268518518,1.0,0.0048900462962962,0.5815621975835095,0.3,0.8997277323998443,0.4033991855180431,0.420330115986698,0.5,0.0529407157960686,0.4970935383084566,0.4942322649589477,0.53123943400093,high,Fred again.. - Jungle,audio_fingerprint,0.84
set_1_unknown_dj,2810,3.843848943710327,0.2604166666666667,0.0781467013888888,0.0858570204702251,0.2976417824074074,1.0,0.011574074074074,0.5613863691190177,0.3,0.8403733955659276,0.3936697044007234,0.4171668424040879,0.5,0.1253034693398073,0.4829704583833124,0.4804096757823717,0.5510359380190788,high,Fred again.. - Jungle,audio_fingerprint,0.84
set_1_unknown_dj,2820,5.9042534828186035,0.3472222222222222,0.087160011574074,0.1256006887708787,0.4066333912037037,1.0,0.012160011574074,0.8623042876077278,0.3999999999999999,0.9373006612213146,0.5759014900605185,0.5699265958309676,0.5,0.1316469574751351,0.7236130013254094,0.6832798455767177,0.5828823143405035,high,Fred again.. - Jungle,audio_fingerprint,0.84
set_1_unknown_dj,2830,4.781207084655762,0.3472222222222222,0.0813440393518518,0.1250327081063907,0.4142650462962963,0.0,0.0,0.6982856310347498,0.3999999999999999,0.8747569039284324,0.5732971977257773,0.580622921567037,0.0,0.0,0.6087999417243248,0.5820232509776294,0.6135717232599701,high,Fred again.. - Jungle,audio_fingerprint,0.84
set_1_unknown_dj,2840,6.660274028778076,0.2604166666666667,0.077466724537037,0.1155415134803921,0.3968605324074074,0.0,0.0,0.9727195602916456,0.3,0.8330610657331777,0.5297783828127632,0.5562292156703706,0.0,0.0,0.770903692204152,0.674466534406851,0.6030171324442613,high,Fred again.. - Jungle,audio_fingerprint,0.84
set_1_unknown_dj,2850,6.259317398071289,0.2604166666666667,0.087427662037037,0.1117052752814088,0.3743634259259259,0.0,0.0,0.914160654782366,0.3,0.9401789187086736,0.5121885485798335,0.5246978668180712,0.0,0.0,0.7299124583476561,0.6476793095562805,0.5539988832881664,high,Fred again.. - Jungle,audio_fingerprint,0.84
set_1_unknown_dj,2860,3.3897194862365723,0.2604166666666667,0.0814670138888888,0.08710548860748,0.2935691550925925,0.0,0.0,0.4950616797322661,0.3,0.8760793465577595,0.3993941527900931,0.4114587557790574,0.0,0.0,0.4365431758125863,0.4276367217038275,0.5439917604259842,high,Fred again.. - Jungle,audio_fingerprint,0.84
set_1_unknown_dj,2870,3.505316972732544,0.2604166666666667,0.0699797453703703,0.0721229064542483,0.2538700810185185,1.0,0.0344401041666666,0.5119444589916972,0.3,0.7525476468300272,0.3306963496853635,0.3558175845567362,0.5,0.3728561359542642,0.448361121294188,0.4381885997962432,0.5091806244753787,high,Fred again.. - Jungle,audio_fingerprint,0.84
set_1_unknown_dj,2950,3.955391407012939,0.3472222222222222,0.0410951967592592,0.1324324562000726,0.3923032407407407,0.0,0.0,0.5776769204369896,0.3999999999999999,0.4419292104239595,0.6072263584248702,0.5498418363208695,0.0,0.0,0.5243738443058926,0.5081192121136608,0.3646580562680426,low,Fred again.. - Tate (How I Feel),audio_fingerprint,0.81
set_1_unknown_dj,2960,2.2610673904418945,0.3472222222222222,0.0064597800925925,0.0555101953976034,0.1406394675925926,0.0,0.0,0.3302243223502814,0.3999999999999999,0.069467133411124,0.254524115718404,0.1971165544650823,0.0,0.0,0.3511570256451969,0.2899645745324516,0.3708727329566871,low,Fred again.. - Tate (How I Feel),audio_fingerprint,0.81
set_1_unknown_dj,2970,1.289991021156311,0.3472222222222222,0.0184172453703703,0.0415805419389978,0.0871383101851851,0.0,0.0,0.1884005813360729,0.3999999999999999,0.1980552314274601,0.1906541778912984,0.1221307486414145,0.0,0.0,0.251880406935251,0.215494224720442,0.3756582575131446,low,Fred again.. - Tate (How I Feel),audio_fingerprint,0.81
set_1_unknown_dj,2980,2.885065793991089,0.2604166666666667,0.0704788773148148,0.1413288909313725,0.4032986111111111,0.0,0.0,0.4213580279756668,0.3,0.7579152080902372,0.6480180934712283,0.5652526563387136,0.0,0.0,0.3849506195829667,0.4412348526481175,0.3569936083002231,low,Fred again.. - Tate (How I Feel),audio_fingerprint,0.81
set_1_unknown_dj,3060,3.0979220867156982,0.3472222222222222,0.0060546875,0.153459485067175,0.4202618634259259,0.0,0.0,0.4524452593072549,0.3999999999999999,0.0651108518086347,0.7036390244270447,0.5890279016951901,0.0,0.0,0.4367116815150784,0.4513045531122722,0.3961953077295651,low,Fred again.. - Tate (How I Feel),audio_fingerprint,0.81
set_1_unknown_dj,3070,1.6360459327697754,0.3472222222222222,0.0470630787037037,0.0663607763707334,0.1964699074074074,0.0,0.0,0.238941201738019,0.3999999999999999,0.5061065733177751,0.3042759587345444,0.2753670208451618,0.0,0.0,0.2872588412166133,0.2860069653426952,0.3830657658601569,low,Fred again.. - Tate (How I Feel),audio_fingerprint,0.81
set_1_unknown_dj,3080,3.010565280914306,0.3472222222222222,0.0449001736111111,0.0510679920116194,0.1546657986111111,0.0,0.0,0.4396869743837737,0.3999999999999999,0.4828471411901983,0.2341558233612905,0.2167754886852137,0.0,0.0,0.4277808820686416,0.358802417904923,0.3805703288055309,low,Fred again.. - Tate (How I Feel),audio_fingerprint,0.81
set_1_unknown_dj,3090,3.3975038528442383,0.2604166666666667,0.0605902777777777,0.1103381728848947,0.3240162037037037,0.0,0.0,0.4961985707417112,0.3,0.6515752625437572,0.5059201410183587,0.4541325330521534,0.0,0.0,0.4373389995191978,0.437169394418927,0.3762162537066108,low,Fred again.. - Tate (How I Feel),audio_fingerprint,0.81
set_1_unknown_dj,3310,4.120466232299805,0.1736111111111111,0.068677662037037,0.1502679341412491,0.4419994212962962,1.0,0.0065104166666666,0.6017857650242323,0.1999999999999999,0.7385453131077402,0.6890051959677304,0.6194946873225727,0.5,0.0704832015036416,0.4812500355169626,0.5380311080437085,0.4982777383369353,high,"Fred again.., Skrillex & Four Tet - Baby again..",audio_fingerprint,0.84
set_1_unknown_dj,3320,3.5280346870422363,0.3472222222222222,0.0153284143518518,0.1414670706245461,0.3927951388888889,0.0,0.0,0.5152623352500422,0.3999999999999999,0.1648385842084792,0.6486516719330465,0.5505312677427204,0.0,0.0,0.4806836346750295,0.4724608576371719,0.5008534306800863,high,"Fred again.., Skrillex & Four Tet - Baby again..",audio_fingerprint,0.84
set_1_unknown_dj,3350,3.684279441833496,0.2604166666666667,0.0787977430555555,0.0786510530137981,0.2884259259259259,1.0,0.0083622685185185,0.5380815658885619,0.3,0.8473745624270711,0.3606290623780173,0.4042501419417633,0.5,0.0905317565980108,0.4666570961219933,0.4640248063220853,0.5170006457425824,high,"Fred again.., Skrillex & Four Tet - Baby again..",audio_fingerprint,0.84
set_1_unknown_dj,3360,4.730990409851074,0.3472222222222222,0.0482566550925925,0.1526133578431372,0.4932291666666666,0.0,0.0,0.6909515871764544,0.3999999999999999,0.5189420458965384,0.6997593806617702,0.6912969421688702,0.0,0.0,0.6036661110235181,0.590968917840384,0.5074123193084596,high,"Fred again.., Skrillex & Four Tet - Baby again..",audio_fingerprint,0.84
set_1_unknown_dj,3370,4.199488162994385,0.2604166666666667,0.0774160879629629,0.138040492238562,0.4497974537037037,2.0,0.072120949074074,0.6133267582846449,0.3,0.8325165305328666,0.6329402007810275,0.6304242030983859,1.0,0.7807972433236745,0.5193287307992513,0.5856063181817263,0.5117055675942115,high,"Fred again.., Skrillex & Four Tet - Baby again..",audio_fingerprint,0.84
set_1_unknown_dj,3380,3.877634525299072,0.1736111111111111,0.0811704282407407,0.085501656681191,0.3089409722222222,1.0,0.0260416666666666,0.5663206850233187,0.1999999999999999,0.8728899260987941,0.392040298243631,0.4330034877118988,0.5,0.2819328060145665,0.456424479516323,0.4655951980731677,0.5032588786848106,high,"Fred again.., Skrillex & Four Tet - Baby again..",audio_fingerprint,0.84
set_1_unknown_dj,3500,3.5561811923980713,0.4340277777777778,0.0737196180555555,0.1720214063634713,0.4917028356481481,0.0,0.0,0.5193730754681136,0.5,0.7927654609101517,0.7887487339161665,0.6891576770216562,0.0,0.0,0.5135611528276796,0.5605842347957494,0.5020417359453804,high,"Fred again.., Skrillex & Four Tet - Baby again..",audio_fingerprint,0.84
set_1_unknown_dj,3510,3.822479486465454,0.2604166666666667,0.0092086226851851,0.1627764444898329,0.4739293981481481,0.0,0.0,0.5582654030799196,0.3,0.09902761571373,0.7463589399533851,0.6642468975586017,0.0,0.0,0.4807857821559437,0.4945493429205183,0.5120508320456809,high,"Fred again.., Skrillex & Four Tet - Baby again..",audio_fingerprint,0.84
set_1_unknown_dj,3520,3.394674777984619,0.3472222222222222,0.0801142939814814,0.177587798429557,0.4863570601851852,0.0,0.0,0.4957853900765328,0.3999999999999999,0.8615324776351614,0.8142716312544737,0.6816651796577176,0.0,0.0,0.4670497730535729,0.5364873120701407,0.5113453350123518,high,"Fred again.., Skrillex & Four Tet - Baby again..",audio_fingerprint,0.84
set_1_unknown_dj,3530,3.714423656463623,0.3472222222222222,0.0161675347222222,0.1657130537400145,0.467896412037037,0.0,0.0,0.542484067508414,0.3999999999999999,0.1738623103850642,0.7598238155002871,0.6557912239435477,0.0,0.0,0.4997388472558898,0.5123636406174374,0.5012753386342631,high,"Fred again.., Skrillex & Four Tet - Baby again..",audio_fingerprint,0.84
set_1_unknown_dj,3540,3.388155221939087,0.1736111111111111,0.0799189814814814,0.1328738028776325,0.3974681712962963,0.0,0.0,0.4948332220932778,0.1999999999999999,0.8594321275768183,0.6092500114137775,0.5570808662503042,0.0,0.0,0.4063832554652944,0.4527421446579129,0.510192326944183,high,"Fred again.., Skrillex & Four Tet - Baby again..",audio_fingerprint,0.84
set_1_unknown_dj,3820,3.145089864730835,0.2604166666666667,0.0594835069444444,0.0790487132352941,0.2757595486111111,0.0,0.0,0.459334017951805,0.3,0.6396732788798133,0.3624524051983351,0.3864972828291021,0.0,0.0,0.4115338125662635,0.3917015610849633,0.3876962436574462,low,"Skrillex, Fred again.. & Flowdan - Rumble",audio_fingerprint,0.81
set_1_unknown_dj,3960,3.651905298233032,0.3472222222222222,0.0801576967592592,0.0713489753540305,0.2402126736111111,0.0,0.0,0.5333533876496797,0.3999999999999999,0.8619992220925708,0.3271477379844141,0.3366757239029929,0.0,0.0,0.4933473713547757,0.4458487186349458,0.3874775178991275,low,"Skrillex, Fred again.. & Flowdan - Rumble",audio_fingerprint,0.81
set_1_unknown_dj,3970,3.1761813163757324,0.3472222222222222,0.0090205439814814,0.1341198313816267,0.4109013310185185,0.0,0.0,0.4638748616231279,0.3999999999999999,0.0970050563982886,0.6149632736508753,0.5759084272852624,0.0,0.0,0.4447124031361895,0.4434292743264795,0.3537532245672473,low,"Skrillex, Fred again.. & Flowdan - Rumble",audio_fingerprint,0.81
set_1_unknown_dj,3980,1.482195258140564,0.3472222222222222,0.0097294560185185,0.0301816675744371,0.04453125,0.0,0.0,0.2164716216682999,0.3999999999999999,0.1046285492026448,0.1383883121878202,0.0624138210722686,0.0,0.0,0.2715301351678099,0.2096432861462671,0.3314530682204528,low,"Skrillex, Fred again.. & Flowdan - Rumble",audio_fingerprint,0.81
set_1_unknown_dj,3990,1.639665603637695,0.3472222222222222,0.0183521412037037,0.0445237325254175,0.1183955439814814,0.0,0.0,0.2394698473522731,0.3999999999999999,0.1973551147413457,0.204149230035027,0.1659400600210885,0.0,0.0,0.2876288931465911,0.2448455775529531,0.318764872750254,low,"Skrillex, Fred again.. & Flowdan - Rumble",audio_fingerprint,0.81
set_1_unknown_dj,4000,1.971269607543945,0.4340277777777778,0.0318142361111111,0.0610347165486565,0.1773654513888889,0.0,0.0,0.2878999418914635,0.5,0.3421236872812135,0.2798550274665564,0.2485907210641577,0.0,0.0,0.3515299593240244,0.3134984844416185,0.290666012976373,low,"Skrillex, Fred again.. & Flowdan - Rumble",audio_fingerprint,0.81
set_1_unknown_dj,4010,3.119088888168335,0.3472222222222222,0.030859375,0.0716275474310094,0.2251736111111111,0.0,0.0,0.4555366278775007,0.3999999999999999,0.331855309218203,0.328425040488018,0.315597372049639,0.0,0.0,0.4388756395142505,0.3824077412839521,0.2884497559496667,low,"Skrillex, Fred again.. & Flowdan - Rumble",audio_fingerprint,0.81
set_1_unknown_dj,4020,2.623354434967041,0.2604166666666667,0.0088686342592592,0.0601279105392156,0.1740957754629629,0.0,0.0,0.3831356129559194,0.3,0.0953714507973551,0.2756971606814032,0.244008029848325,0.0,0.0,0.3581949290691435,0.3029349754570744,0.2662382937503379,low,"Skrillex, Fred again.. & Flowdan - Rumble",audio_fingerprint,0.81
set_1_unknown_dj,4030,1.1419148445129397,0.4340277777777778,0.0063657407407407,0.0240354938271604,0.0253978587962962,0.0,0.0,0.166774355025887,0.5,0.0684558537534033,0.110207012754945,0.0355969665017438,0.0,0.0,0.2667420485181209,0.1985620010127355,0.2894097422310281,low,"Skrillex, Fred again.. & Flowdan - Rumble",audio_fingerprint,0.81
set_1_unknown_dj,4040,0.4398644566535949,0.3472222222222222,0.0069372106481481,0.0275665792937545,0.015625,0.0,0.0,0.0642413148490988,0.3999999999999999,0.0746013224426293,0.1263976674531225,0.0218995863411468,0.0,0.0,0.1649689203943692,0.133788266556309,0.2985103233836476,low,"Skrillex, Fred again.. & Flowdan - Rumble",audio_fingerprint,0.81
set_1_unknown_dj,4050,3.065272092819214,0.0868055555555555,0.0676721643518518,0.1535306032135076,0.4703269675925925,0.0,0.0,0.4476767936901817,0.0999999999999999,0.7277323998444184,0.7039651137729241,0.6591978262632816,0.0,0.0,0.3433737555831271,0.4293557268450695,0.3311928120843984,low,"Skrillex, Fred again.. & Flowdan - Rumble",audio_fingerprint,0.81
set_1_unknown_dj,4060,4.167945861816406,0.1736111111111111,0.0660373263888888,0.0668110021786492,0.232081886574074,0.0,0.0,0.6087200689502634,0.1999999999999999,0.710151691948658,0.30634032411486,0.3252798280476924,0.0,0.0,0.4861040482651844,0.4279106470470497,0.3885983609907477,low,"Skrillex, Fred again.. & Flowdan - Rumble",audio_fingerprint,0.81
set_1_unknown_dj,4210,3.071882963180542,0.2604166666666667,0.0681351273148148,0.127361848674655,0.3896412037037037,0.0,0.0,0.448642297944696,0.3,0.7327110073901205,0.5839767213569791,0.5461107956849703,0.0,0.0,0.4040496085612872,0.4407321722166631,0.3847998640795246,low,"Skrillex, Fred again.. & Flowdan - Rumble",audio_fingerprint,0.81
set_1_unknown_dj,4260,4.107059955596924,0.3472222222222222,0.0128399884259259,0.1253611508260711,0.3943214699074074,0.0,0.0,0.5998278054082724,0.3999999999999999,0.1380785686503306,0.5748031659932646,0.5526705328899343,0.0,0.0,0.5398794637857907,0.4983139690542223,0.5026973103838215,high,"Skrillex, Fred again.. & Flowdan - Rumble",audio_fingerprint,0.81
set_1_unknown_dj,4270,3.920066118240357,0.0,0.0751591435185185,0.1822401506899056,0.578638599537037,0.0,0.0,0.5725177334105143,0.0,0.808245818747569,0.8356034935654262,0.8110045421364263,0.0,0.0,0.4007624133873599,0.5044862492205664,0.5051526715516523,high,"Skrillex, Fred again.. & Flowdan - Rumble",audio_fingerprint,0.81
