set_id,t_sec,movement_raw,phone_proxy_raw,texture_density_raw,lighting_flux_raw,motion_change_raw,face_count_raw,face_area_ratio_raw,movement_norm,phone_proxy_norm,texture_density_norm,lighting_flux_norm,motion_change_norm,face_count_norm,face_area_ratio_norm,crowd_energy_v1,crowd_energy,crowd_energy_smooth
set_EIQlDpgAY5Y,0,0.0,0.0,0.0,0.0,0.0,0.0,0.0,0.0,0.0,0.0,0.0,0.0,0.0,0.0,0.0,0.0,0.3367559458850021
set_EIQlDpgAY5Y,10,3.0727040767669678,0.607638888888889,0.07955729166666667,0.2973850251906318,0.8026982060185185,0.0,0.0,0.6735853320648937,0.09090909090909093,0.4386741653703482,0.44927198224816695,0.8051210239145576,0.0,0.0,0.4987824597181528,0.4911318256082186,0.31666740605396665
set_EIQlDpgAY5Y,20,3.9309375286102295,0.1736111111111111,0.032060185185185185,0.23270424836601306,0.6439887152777778,0.0,0.0,0.8617236786828019,0.025974025974025972,0.17677795062023852,0.35155603034803345,0.6459324936150452,0.0,0.0,0.6109987828701691,0.5191360120467876,0.32699408295692545
set_EIQlDpgAY5Y,30,1.9424710273742676,0.6944444444444444,0.06616030092592592,0.05296690609114016,0.13718894675925927,0.0,0.0,0.4258203716698362,0.10389610389610389,0.36480395676279365,0.08001931797966229,0.13760302995124218,0.0,0.0,0.3292430913377165,0.2564017865608603,0.3736406256958366
set_EIQlDpgAY5Y,40,3.1985299587249756,0.08680555555555555,0.04602864583333333,0.069056344181191,0.21773003472222222,0.0,0.0,0.701168355474756,0.012987012987012986,0.25379921024291013,0.10432630431612162,0.21838721848154166,0.0,0.0,0.49471395272843305,0.3683007905687607,0.3349444518278038
set_EIQlDpgAY5Y,50,2.0565643310546875,0.0,0.03357928240740741,0.04287541984386347,0.11350549768518518,0.0,0.0,0.4508314283566936,0.0,0.18515416217941047,0.06477368808542733,0.11384809612259113,0.0,0.0,0.3155819998496855,0.2332327136945559,0.2863337410746488
set_EIQlDpgAY5Y,60,2.536243200302124,0.1736111111111111,0.02456597222222222,0.0689255684912854,0.19811197916666667,0.0,0.0,0.5559846231825718,0.025974025974025972,0.13545530692832355,0.10412873601759651,0.1987099489203622,0.0,0.0,0.396981444020008,0.2976509562680544,0.26356725368313605
set_EIQlDpgAY5Y,70,2.0014448165893555,1.0416666666666667,0.015053530092592592,0.07606994939179376,0.2600983796296296,0.0,0.0,0.43874835900578774,0.15584415584415587,0.083004267879223,0.11492205073493908,0.2608834455537497,0.0,0.0,0.35387709805729817,0.27608245828101263,0.2403197337749506
set_EIQlDpgAY5Y,80,0.9377059936523438,0.1736111111111111,0.010235821759259259,0.06478761006717501,0.2728660300925926,0.0,0.0,0.20555998473440276,0.025974025974025972,0.05643971122013482,0.09787734934313683,0.2736896331553285,0.0,0.0,0.15168419710628972,0.14256934960329656,0.26605413684542445
set_EIQlDpgAY5Y,90,2.0143649578094482,0.0,0.04017650462962963,0.08610455814270151,0.2269458912037037,0.0,0.0,0.4415806583084978,0.0,0.22153085237924294,0.13008175341907796,0.22763089157185976,0.0,0.0,0.30910646081594845,0.2520631910278338,0.2811402314400116
set_EIQlDpgAY5Y,100,2.974256753921509,0.6944444444444444,0.023278356481481483,0.07818278526688453,0.2351779513888889,0.0,0.0,0.6520041218366927,0.10389610389610389,0.1283554704638826,0.11811400016534024,0.2358877989319712,0.0,0.0,0.487571716454516,0.3619047290469248,0.2836230390656189
set_EIQlDpgAY5Y,110,3.251211404800415,0.0,0.0427806712962963,0.07498712100580973,0.23500434027777778,0.0,0.0,0.7127169616736714,0.0,0.23589007219496633,0.11328617665185847,0.2357136638031112,0.0,0.0,0.4989018731715699,0.3730814292409903,0.2752752304983165
set_EIQlDpgAY5Y,120,2.5919532775878906,0.0,0.006416377314814815,0.06303989651416123,0.16702835648148148,0.0,0.0,0.5681971532441642,0.0,0.03537952215707391,0.09523700545944208,0.16753250522405386,0.0,0.0,0.3977380072709149,0.2884964964090493,0.24774718488528205
set_EIQlDpgAY5Y,130,0.8551838397979736,0.0,0.025687210648148148,0.023659790305010895,0.04013310185185185,0.0,0.0,0.18746982342437116,0.0,0.14163774879342667,0.035743833715548706,0.04025423728813559,0.0,0.0,0.1312288763970598,0.10083030676678423,0.2535555252499986
set_EIQlDpgAY5Y,140,1.0077550411224365,0.0,0.027799479166666665,0.017633499001452432,0.0334056712962963,0.0,0.0,0.22091584384811797,0.0,0.1532846715328467,0.02663966366589992,0.033506501044810774,0.0,0.0,0.15464109069368256,0.11442296296266148,0.24416828339193186
set_EIQlDpgAY5Y,150,2.0914411544799805,0.0,0.15515046296296298,0.2298741035766158,0.8949508101851852,0.0,0.0,0.4584769796695987,0.0,0.8554904072434287,0.3472804123717525,0.8976520780125377,0.0,0.0,0.32093388576871906,0.3909464308705075,0.2817819769656489
set_EIQlDpgAY5Y,160,2.2005858421325684,0.4340277777777778,0.061783854166666666,0.11954035607298476,0.5179759837962963,0.0,0.0,0.4824032214549586,0.06493506493506494,0.34067249012803635,0.1805946102939598,0.5195394125841652,0.0,0.0,0.3571627744989905,0.3261452199506567,0.34094761049070643
set_EIQlDpgAY5Y,170,3.9084856510162354,0.0,0.044017650462962965,0.11544344589687726,0.5254918981481481,0.0,0.0,0.8568018720112842,0.0,0.2427107016074349,0.17440523692274645,0.5270780125377292,0.0,0.0,0.5997613104078989,0.47656496427763456,0.3727317421950859
set_EIQlDpgAY5Y,180,3.2870566844940186,0.0,0.06062644675925926,0.08901529593318809,0.3540653935185185,0.0,0.0,0.7205748139178678,0.0,0.3342906146543816,0.1344791266092656,0.3551340840492222,0.0,0.0,0.5044023697425074,0.39665847439207164,0.3414202401938958
set_EIQlDpgAY5Y,190,1.8978004455566406,0.0,0.01056857638888889,0.12061961011256354,0.557154224537037,0.0,0.0,0.41602787361749605,0.0,0.05827450041881058,0.18222508446259045,0.5588359066635709,0.0,0.0,0.29121951153224723,0.2733436214845594,0.3276162057008797
set_EIQlDpgAY5Y,200,1.969804048538208,0.0,0.04268663194444444,0.0614676947167756,0.14332320601851853,0.0,0.0,0.4318122022129262,0.0,0.23537154481273184,0.09286181451782428,0.14375580450429534,0.0,0.0,0.3022685415490483,0.23438892086455657,0.27774986698712034
set_EIQlDpgAY5Y,210,2.251119613647461,0.0,0.04644820601851852,0.041094771241830065,0.12901475694444445,0.0,0.0,0.49348102342219696,0.0,0.25611264010211,0.06208358784715825,0.12940416763408405,0.0,0.0,0.34543671639553786,0.25712504748557624,0.23728927574516293
set_EIQlDpgAY5Y,220,2.0371148586273193,0.0,0.03216145833333333,0.03400454452614379,0.09675925925925925,0.0,0.0,0.44656779638427785,0.0,0.1773363647241833,0.051372086119378484,0.09705131181797073,0.0,0.0,0.3125974574689945,0.22723327070883806,0.22151827282333847
set_EIQlDpgAY5Y,230,1.6792638301849365,0.0,0.04076244212962963,0.03490618759077706,0.09524016203703704,0.0,0.0,0.3681211911138001,0.0,0.2247616768377807,0.052734235967604466,0.0955276294404458,0.0,0.0,0.25768483377966006,0.19435551818228436,0.2248346793298202
set_EIQlDpgAY5Y,240,1.6564264297485352,0.0,0.04408275462962963,0.03607082879448076,0.10726996527777778,0.0,0.0,0.3631148717377286,0.0,0.24306968210282795,0.05449370809253894,0.10759374274436963,0.0,0.0,0.25418041021641,0.19448860687543706,0.1970366853753961
set_EIQlDpgAY5Y,250,2.1854677200317383,0.0,0.025376157407407406,0.05697267043391431,0.15427517361111112,0.0,0.0,0.4790890899795319,0.0,0.13992261975988193,0.08607099353240247,0.1547408288832134,0.0,0.0,0.33536236298567235,0.2509709533969652,0.20629594721416736
set_EIQlDpgAY5Y,260,1.0345425605773926,0.0,0.012883391203703704,0.03121851171023965,0.05437644675925926,0.0,0.0,0.22678809178884599,0.0,0.07103825136612023,0.04716310994444388,0.05454057348502438,0.0,0.0,0.15875166425219217,0.11813507771345573,0.2161497431909567
set_EIQlDpgAY5Y,270,2.306164503097534,0.0,0.04310619212962963,0.0725985214687727,0.17643952546296296,0.0,0.0,0.5055477337894755,0.0,0.2376849746719317,0.10967761953599907,0.17697208033433945,0.0,0.0,0.3538834136526328,0.27352957990269433,0.23357651354745218
set_EIQlDpgAY5Y,280,2.1163182258605957,0.0,0.045088252314814815,0.0439740491103849,0.12422598379629629,0.0,0.0,0.46393042717644256,0.0,0.2486139364205656,0.06643343321889372,0.12460094032969583,0.0,0.0,0.3247512990235098,0.24362449806623107,0.23407701969018557
set_EIQlDpgAY5Y,290,2.353353500366211,0.0,0.011559606481481481,0.08754484953703703,0.2636574074074074,0.0,0.0,0.5158923083403952,0.0,0.06373898129312752,0.13225766180361515,0.2644532156953796,0.0,0.0,0.36112461583827665,0.28162245865791447,0.2684068267101276
set_EIQlDpgAY5Y,300,1.8957056999206543,0.0,0.04430700231481482,0.10025352328431372,0.31438802083333334,0.0,0.0,0.415568672243216,0.0,0.2443061704758486,0.15145718619972148,0.3153369514743441,0.0,0.0,0.2908980705702512,0.25347348411063225,0.2554311834598239
set_EIQlDpgAY5Y,310,2.5533108711242676,0.0,0.04371383101851852,0.05033286810094408,0.14406105324074073,0.0,0.0,0.5597261265721218,0.0,0.24103545929560052,0.07603996673824125,0.1444958788019503,0.0,0.0,0.3918082886004853,0.2897841128131661,0.21853236922027902
set_EIQlDpgAY5Y,320,1.7535511255264282,0.0,0.005837673611111111,0.0707939871550472,0.17962239583333334,0.0,0.0,0.3844061411938128,0.0,0.032188584420246504,0.10695143415513603,0.1801645576967727,0.0,0.0,0.2690842988356689,0.20865136365117576,0.17281684903619612
set_EIQlDpgAY5Y,330,0.433204710483551,0.0,0.025513599537037038,0.022957175925925926,0.04147135416666667,0.0,0.0,0.09496532418122242,0.0,0.14068046747237845,0.0346823648179631,0.04159652890643139,0.0,0.0,0.06647572692685569,0.05913042686850662,0.13872014454060877
set_EIQlDpgAY5Y,340,0.4269889295101166,0.0,0.02236689814814815,0.010167256717501816,0.024457465277777778,0.0,0.0,0.09360272668194132,0.0,0.12332974352837942,0.015360099509280632,0.024531286278151845,0.0,0.0,0.06552190867735892,0.053044857737499854,0.15474673002055767
set_EIQlDpgAY5Y,350,0.6466047763824463,0.0,0.027372685185185184,0.029251940359477122,0.05013744212962963,0.0,0.0,0.14174599379989294,0.0,0.1509313549519365,0.044192128441850824,0.050288774088692825,0.0,0.0,0.09922219565992506,0.08298996163269555,0.17043327692518434
set_EIQlDpgAY5Y,360,2.7190487384796143,0.607638888888889,0.05544704861111111,0.10770433346949891,0.43683449074074077,0.0,0.0,0.5960584884361847,0.09090909090909093,0.30573172190977627,0.16271343643998554,0.438153006733225,0.0,0.0,0.44451366917805657,0.3699170402129105,0.20768535313414255
set_EIQlDpgAY5Y,370,2.292698621749878,0.0,0.04593460648148148,0.0838799246550472,0.2915581597222222,0.0,0.0,0.5025957996192799,0.0,0.2532806828606757,0.12672090666449298,0.2924381820292547,0.0,0.0,0.3518170597334959,0.2870840981743092,0.2357258866239798
set_EIQlDpgAY5Y,380,2.1731812953948975,0.0,0.03706597222222222,0.039896911310820626,0.11717303240740741,0.0,0.0,0.47639571137484554,0.0,0.20437956204379562,0.060273930803010564,0.11752670071975853,0.0,0.0,0.3334769979623919,0.2453908079132977,0.2622159497906596
set_EIQlDpgAY5Y,390,1.649240493774414,0.0,0.03771701388888889,0.03790648261619463,0.11531394675925925,0.0,0.0,0.36153960091815185,0.0,0.20796936699772645,0.057266907014287445,0.11566200371488274,0.0,0.0,0.2530777206427063,0.1932475251866861,0.23640889339211704
set_EIQlDpgAY5Y,400,1.8543168306350708,0.0,0.04105179398148148,0.03942651597676107,0.12228009259259259,0.0,0.0,0.4064955774820524,0.0,0.22635714570619442,0.05956328491881464,0.12264917576039006,0.0,0.0,0.28454690423743667,0.2154402774660945,0.25672844708727877
set_EIQlDpgAY5Y,410,2.0944621562957764,0.0,0.04581886574074074,0.03963167211328976,0.1261791087962963,0.0,0.0,0.45913923104832655,0.0,0.2526424953133102,0.059873222865654885,0.12655996052937077,0.0,0.0,0.32139746173382855,0.24088175822019775,0.2819001126272195
set_EIQlDpgAY5Y,420,3.24723744392395,0.0,0.055671296296296295,0.0954667926198257,0.31274594907407405,0.0,0.0,0.711845806596674,0.0,0.30696821028279686,0.1442256721961362,0.31368992338054325,0.0,0.0,0.4982920646176717,0.3886818666501179,0.2859752659559788
set_EIQlDpgAY5Y,430,3.1358468532562256,0.0,0.048249421296296294,0.09118359091321714,0.27857349537037035,0.0,0.0,0.687427227348792,0.0,0.2660444338079853,0.13775486042656837,0.27941432551660084,0.0,0.0,0.4811990591441544,0.37124913561300105,0.28382125282598564
set_EIQlDpgAY5Y,440,1.8970296382904053,0.0,0.03885271990740741,0.031294424019607844,0.08657407407407407,0.0,0.0,0.41585890047351154,0.0,0.21423158230625025,0.047277793841808996,0.08683538425818434,0.0,0.0,0.29110123033145807,0.21362329183048248,0.29749232834717265
set_EIQlDpgAY5Y,450,1.7937264442443848,0.0,0.04100115740740741,0.032105091457879445,0.09117476851851852,0.0,0.0,0.3932132064768195,0.0,0.22607793865422202,0.04850250301034516,0.09144996517297423,0.0,0.0,0.27524924453377364,0.20467021181612907,0.2615753094738466
set_EIQlDpgAY5Y,460,2.2796945571899414,0.0,0.04675925925925926,0.039854841820987655,0.12391493055555555,1.0,0.020319733796296296,0.4997451029931295,0.0,0.25782776913565475,0.060210374667064206,0.12428894822382168,1.0,0.6074826989619376,0.34982157209519066,0.3092371358261328,0.24326204831093215
set_EIQlDpgAY5Y,470,1.7863256931304932,0.0,0.040632233796296297,0.04326093863471314,0.11839554398148149,0.0,0.0,0.39159084478105044,0.0,0.22404371584699453,0.06535610742966944,0.11875290225214767,0.0,0.0,0.2741135913467353,0.2090967722834876,0.25258797098009667
set_EIQlDpgAY5Y,480,2.4206745624542236,0.0,0.026779513888888887,0.06797734545206972,0.1804832175925926,0.0,0.0,0.5306501499120535,0.0,0.1476606437716884,0.10269621585566595,0.1810279777107035,0.0,0.0,0.3714551049384374,0.2796828297984288,0.2606956698837532
set_EIQlDpgAY5Y,490,2.1474461555480957,0.0,0.03961226851851852,0.07436084445352215,0.20579427083333332,0.0,0.0,0.4707541616888492,0.0,0.21841968808583623,0.1123400344985963,0.20641542837241697,0.0,0.0,0.32952791318219443,0.2602529051763051,0.2510491819260595
set_EIQlDpgAY5Y,500,2.1527092456817627,0.0,0.04680989583333333,0.03988386210965868,0.10873842592592593,0.0,0.0,0.47190791428812445,0.0,0.2581069761876271,0.06025421682962194,0.10906663570931042,0.0,0.0,0.3303355400016871,0.2452087063344117,0.2512853949656015
set_EIQlDpgAY5Y,510,2.227665662765503,0.0,0.011024305555555556,0.07703854053195353,0.20692274305555555,0.0,0.0,0.48833954643698724,0.0,0.06078736388656217,0.11638534183794146,0.20754730671000696,0.0,0.0,0.341837682505891,0.26100469603766424,0.23979155180707062
set_EIQlDpgAY5Y,520,1.7283227443695068,0.0,0.03917100694444445,0.06405682643427742,0.14424913194444444,0.0,0.0,0.3788756810276243,0.0,0.21598659806150536,0.09677332397691014,0.14468452519154862,0.0,0.0,0.265212976719337,0.21027783748119758,0.2405464207597105
set_EIQlDpgAY5Y,530,1.957590937614441,0.0,0.03836805555555556,0.03655756399782135,0.10209780092592592,0.0,0.0,0.4291348951336884,0.0,0.2115591719516573,0.055229039299934515,0.10240596703041559,0.0,0.0,0.30039442659358184,0.2222136140057744,0.21339414268031914
set_EIQlDpgAY5Y,540,2.35612416267395,0.0,0.028776041666666665,0.050413744780319535,0.1220775462962963,0.0,0.0,0.5164996813395426,0.0,0.15866937896374297,0.0761621505167868,0.1224460181100534,0.0,0.0,0.3615497769376798,0.26402724993950466,0.22091018849089164
set_EIQlDpgAY5Y,550,0.9510028958320618,0.0,0.022902199074074075,0.025299252224037762,0.03575665509259259,0.0,0.0,0.20847487599838146,0.0,0.12628136093494477,0.038220637333045676,0.035864580914789876,0.0,0.0,0.14593241319886702,0.10944731593745474,0.23653989866880537
set_EIQlDpgAY5Y,560,2.6303770542144775,0.0,0.05057146990740741,0.05165526279956427,0.1341724537037037,0.0,0.0,0.5766202527980395,0.0,0.2788480714770053,0.0780377636588586,0.13457743208729975,0.0,0.0,0.40363417695862763,0.2985849250905268,0.2000935923327955
set_EIQlDpgAY5Y,570,2.58573055267334,0.0,0.010836226851851852,0.06764078953340595,0.14990596064814815,0.0,0.0,0.5668330335231637,0.0,0.05975030912209326,0.10218776676809506,0.1503584281402368,0.0,0.0,0.3967831234662146,0.28842638837076634,0.22455570128542224
set_EIQlDpgAY5Y,580,0.34578850865364075,0.0,0.011834490740740741,0.007277284177559913,0.009563078703703704,0.0,0.0,0.0758023101498138,0.0,0.06525467671812053,0.010994097250659272,0.009591943348038078,0.0,0.0,0.05306161710486965,0.039982082325724935,0.29278435691491467
set_EIQlDpgAY5Y,590,1.5747345685958862,0.08680555555555555,0.01812789351851852,0.5455130605482934,0.9947989004629629,0.0,0.0,0.34520672371997224,0.012987012987012986,0.09995612460611862,0.8241293720075207,0.9978015439981425,0.0,0.0,0.24554081050008444,0.38633779470263835,0.29694315484987166
set_EIQlDpgAY5Y,600,1.8991421461105347,0.0,0.009620949074074073,0.49373618486746546,0.9841001157407407,1.0,0.01808449074074074,0.4163219955994857,0.0,0.05304933987475569,0.7459078826879728,0.9870704666821453,1.0,0.5406574394463668,0.29142539691964,0.4505905940849168,0.301217907413183
set_EIQlDpgAY5Y,610,2.6993489265441895,0.0,0.04229600694444444,0.07747844045025418,0.2380570023148148,0.0,0.0,0.5917399780841884,0.0,0.23321766184037335,0.11704991702345745,0.23877553981889943,0.0,0.0,0.4142179846589319,0.31937891476531205,0.3410229324295675
set_EIQlDpgAY5Y,620,2.579371213912964,0.0,0.02318431712962963,0.08466730210602759,0.2968460648148148,0.0,0.0,0.5654389658864494,0.0,0.1278369430816481,0.12791043067617686,0.29774204782911534,0.0,0.0,0.39580727612051453,0.30980015118732274,0.29918837569259027
set_EIQlDpgAY5Y,630,2.004179000854492,0.0,0.04172453703703704,0.060898040350399425,0.15949074074074074,0.0,0.0,0.4393477354410534,0.0,0.23006661082525628,0.09200121386648318,0.1599721383793824,0.0,0.0,0.30754341480873737,0.23900720740764753,0.25111444347928735
set_EIQlDpgAY5Y,640,1.5308101177215576,0.0,0.03601707175925926,0.03631550131626725,0.07971643518518519,0.0,0.0,0.3355777893713436,0.0,0.19859598739579593,0.05486334509357559,0.07995704666821453,0.0,0.0,0.2349044525599405,0.1771650110177522,0.2352818298586467
set_EIQlDpgAY5Y,650,1.7625458240509033,0.0,0.0482421875,0.04679525803376906,0.12408854166666666,0.0,0.0,0.3863779213721393,0.0,0.26600454708627497,0.07069555140904982,0.12446308335268168,0.0,0.0,0.2704645449604975,0.21022093301840206,0.2252924974938105
set_EIQlDpgAY5Y,660,2.1078429222106934,0.0,0.03955439814814815,0.04381745869644154,0.11414207175925926,0.0,0.0,0.4620725065694647,0.0,0.2181005943121535,0.06619686553823026,0.11448659159507778,0.0,0.0,0.32345075459862527,0.24021584666210907,0.22902099168686205
set_EIQlDpgAY5Y,670,2.2696921825408936,0.0,0.011783854166666666,0.07154377723311547,0.1644386574074074,0.0,0.0,0.4975524242707108,0.0,0.06497546966614814,0.1080841733521679,0.16493498955189226,0.0,0.0,0.34828669698949755,0.2598534893631417,0.25013538529643775
set_EIQlDpgAY5Y,680,2.084141969680786,0.0,0.043359375,0.07980746754720407,0.21949508101851853,0.0,0.0,0.45687688291640227,0.0,0.2390810099317937,0.1205684755651514,0.2201575922916183,0.0,0.0,0.31981381804148157,0.25764967837290526,0.2687345929921682
set_EIQlDpgAY5Y,690,2.545775890350342,0.0,0.03799189814814815,0.04134866330791576,0.11723813657407407,0.0,0.0,0.5580743396118729,0.0,0.2094850624227195,0.06246715319895861,0.11759200139308103,0.0,0.0,0.39065203772831103,0.28273697906563067,0.28382228487726724
set_EIQlDpgAY5Y,700,2.62484073638916,0.0,0.051924189814814815,0.05497163217138708,0.1745876736111111,0.0,0.0,0.5754066043673365,0.0,0.2863068884368394,0.08304794142618513,0.1751146389598328,0.0,0.0,0.4027846230571355,0.3032169714970544,0.2792298692546236
set_EIQlDpgAY5Y,710,2.639585256576538,0.0,0.012123842592592592,0.09435749704974583,0.3044994212962963,0.0,0.0,0.5786388363943796,0.0,0.06685014558653424,0.1425498130322478,0.3054185047596935,0.0,0.0,0.4050471854760657,0.3156543060876041,0.28246078949761433
set_EIQlDpgAY5Y,720,2.01955509185791,0.0,0.03636429398148148,0.062320176334422654,0.13479456018518518,0.0,0.0,0.4427184177800096,0.0,0.20051055003789237,0.09414969411413181,0.13520141629904806,0.0,0.0,0.3099028924460067,0.2368914112499235,0.2760462464783068
set_EIQlDpgAY5Y,730,2.4531948566436768,0.0,0.03681278935185185,0.040717564224763976,0.12390046296296296,0.0,0.0,0.5377791127451744,0.0,0.20298352678393364,0.061513725446835414,0.12427443696308335,0.0,0.0,0.37644537892162205,0.27380427958785886,0.2800519293619443
set_EIQlDpgAY5Y,740,2.248368501663208,0.0,0.03484519675925926,0.03686328408678286,0.10876012731481481,0.0,0.0,0.4928779361631692,0.0,0.19213433847872044,0.05569090341125881,0.10908840260041791,0.0,0.0,0.34501455531421843,0.2506642639690928,0.3002142165384961
set_EIQlDpgAY5Y,750,2.3636364936828613,0.0,0.050202546296296294,0.047333168799927376,0.15465856481481483,1.0,0.011574074074074073,0.5181465031130675,0.0,0.2768138486697778,0.07150819567729991,0.1551253772927792,1.0,0.3460207612456747,0.36270255217914726,0.3232453859152422,0.32374399772607065
set_EIQlDpgAY5Y,760,3.6544880867004395,0.3472222222222222,0.03412181712962963,0.07082326275417573,0.20054253472222222,0.0,0.0,0.8011215886423287,0.051948051948051945,0.1881456663076862,0.10699566202586874,0.20114784072440212,0.0,0.0,0.5763695276340457,0.4164657419703632,0.32451900041562304
set_EIQlDpgAY5Y,770,3.1754682064056396,0.0,0.04607204861111111,0.059837026824618736,0.14982638888888888,0.0,0.0,0.6961128546175557,0.0,0.2540385305731722,0.09039829640413267,0.15027861620617597,0.0,0.0,0.48727899823228893,0.35454031718779616,0.32274808838145647
set_EIQlDpgAY5Y,780,2.4483554363250732,0.0,0.047120949074074076,0.04307345565541031,0.13363715277777777,0.0,0.0,0.5367182352701987,0.0,0.2598221052211719,0.0650728690598316,0.1340405154399814,0.0,0.0,0.37570276468913905,0.2776792930356209,0.2730320722505889
set_EIQlDpgAY5Y,790,2.1755192279815674,0.0,0.005743634259259259,0.054738108206245466,0.13173466435185185,0.0,0.0,0.4769082231750038,0.0,0.031670057038012046,0.08269514701545658,0.13213228465289065,0.0,0.0,0.33383575622250267,0.24180970379825986,0.2159325078793893
set_EIQlDpgAY5Y,800,0.6253648400306702,0.08680555555555555,0.01140769675925926,0.021797754402687,0.022858796296296297,0.0,0.0,0.13708986381694915,0.012987012987012986,0.06290136013721033,0.03293077828238407,0.022927791966566056,0.0,0.0,0.0998590085679683,0.07466530526090444,0.20639485273383024
set_EIQlDpgAY5Y,810,1.203732967376709,0.0,0.012767650462962963,0.024080712145969498,0.03236400462962963,0.0,0.0,0.26387730490500866,0.0,0.07040006381875474,0.036379737926723416,0.0324616902716508,0.0,0.0,0.18471411343350605,0.13096792011436523,0.26173380776214195
set_EIQlDpgAY5Y,820,2.268122673034668,0.78125,0.05463686342592593,0.08615976193718228,0.25067997685185184,0.0,0.0,0.4972083629633029,0.11688311688311688,0.3012644090782179,0.1301651520978046,0.2514366148130949,0.0,0.0,0.38311078913924707,0.3068520414600008,0.28052690623248344
set_EIQlDpgAY5Y,830,3.0487923622131348,0.08680555555555555,0.18135850694444444,0.2700512606663036,0.8955512152777778,1.0,0.033449074074074076,0.6683435060427367,0.012987012987012986,1.0,0.40797772218151573,0.8982542953331786,1.0,1.0,0.47173655812601956,0.5543740681771794,0.34140103801458344
set_EIQlDpgAY5Y,840,1.9135258197784424,0.0,0.061009837962962964,0.20741126543209876,0.8293909143518519,0.0,0.0,0.4194751243622479,0.0,0.3364046109050297,0.3133448642935071,0.831894299976782,0.0,0.0,0.2936325870535735,0.3357751961499673,0.37626895798064836
set_EIQlDpgAY5Y,850,2.901155710220337,0.0,0.04489293981481481,0.11650650190631809,0.5390407986111111,0.0,0.0,0.6359792168782062,0.0,0.24753699493438633,0.17601124005049693,0.540667808219178,0.0,0.0,0.44518545181474434,0.37903596417140445,0.37420684190117703
set_EIQlDpgAY5Y,860,2.767733097076416,0.0,0.04856047453703704,0.03581480914124909,0.107421875,0.0,0.0,0.6067308698411318,0.0,0.2677595628415301,0.054106928505946957,0.10774611098212213,0.0,0.0,0.4247116088887922,0.3053075199446901,0.3079999761275332
set_EIQlDpgAY5Y,870,2.7049102783203125,0.08680555555555555,0.008051215277777777,0.051008447939360935,0.13293547453703702,0.0,0.0,0.5929591143528495,0.012987012987012986,0.04439392126361134,0.0770605934257413,0.13333671929417226,0.0,0.0,0.4189674839430986,0.2965414610626439,0.2997821113746398
set_EIQlDpgAY5Y,880,1.2965683937072754,1.7361111111111112,0.012311921296296297,0.07772030455700799,0.22414641203703703,0.0,0.0,0.2842282986583856,0.25974025974025977,0.06788720035100315,0.11741531123456915,0.22482296261899232,0.0,0.0,0.27688188698294786,0.22333973930896028,0.26508033600244757
set_EIQlDpgAY5Y,890,2.555253028869629,0.0,0.03506221064814815,0.06694109704066813,0.17727864583333333,0.0,0.0,0.5601518782674195,0.0,0.19333094013003072,0.10113071208628996,0.17781373345716275,0.0,0.0,0.39210631478719365,0.2946858723855001,0.24949008393855004
set_EIQlDpgAY5Y,900,1.7738542556762695,0.0,0.04602141203703704,0.035259537263979665,0.09833622685185185,0.0,0.0,0.3888569084405979,0.0,0.2537593235211998,0.053268056081797216,0.09863303923844903,0.0,0.0,0.2721998359084185,0.20552708731044353,0.2403796329014515
set_EIQlDpgAY5Y,910,1.9657610654830933,0.0,0.05100549768518518,0.03723013684640523,0.10907841435185185,0.0,0.0,0.43092591638270156,0.0,0.28124127477962585,0.05624512320226241,0.10940765033666125,0.0,0.0,0.3016481414678911,0.22735625962520245,0.2185164891875754
set_EIQlDpgAY5Y,920,2.2548251152038574,0.08680555555555555,0.007096354166666667,0.05110512549927378,0.12384982638888889,0.0,0.0,0.4942933279702348,0.012987012987012986,0.03912887399784612,0.07720664825467265,0.12422364755049918,0.0,0.0,0.34990143347526825,0.25098920587715134,0.21389632585360077
set_EIQlDpgAY5Y,930,0.9380525946617126,0.0,0.02699652777777778,0.03786234227487291,0.0544849537037037,0.0,0.0,0.20563596515756,0.0,0.1488572454229987,0.05720022235647723,0.05464940794056187,0.0,0.0,0.143945175610292,0.1140240207395797,0.21302465025180095
set_EIQlDpgAY5Y,940,2.404808282852173,0.0,0.04578993055555555,0.04560312840413943,0.11365017361111111,0.0,0.0,0.5271720104793663,0.0,0.2524829484264688,0.06889455137060757,0.11399320872997445,0.0,0.0,0.3690204073355564,0.2715850557156269,0.1874861585508975
set_EIQlDpgAY5Y,950,1.7085332870483398,0.3472222222222222,0.006951678240740741,0.045118889569716776,0.10065827546296297,0.0,0.0,0.37453751898922594,0.051948051948051945,0.03833113956363927,0.06816299153203416,0.10096209658695147,0.0,0.0,0.2777606788768737,0.20116870930144432,0.1902037812760883
set_EIQlDpgAY5Y,960,0.8783559799194336,0.0,0.011183449074074075,0.028244428558460422,0.03522135416666667,0.0,0.0,0.19254952303371028,0.0,0.06166487176418971,0.04267003827039369,0.03532766426747156,0.0,0.0,0.13478466612359719,0.09966380112068533,0.21355119747081303
set_EIQlDpgAY5Y,970,2.3599886894226074,0.0,0.048003472222222225,0.03976051879084967,0.09497974537037036,0.0,0.0,0.5173468467248948,0.0,0.2646882852698337,0.060067876924635576,0.09526642674715578,0.0,0.0,0.3621427927074264,0.2645773195031053,0.21062995621202935
set_EIQlDpgAY5Y,980,2.024554967880249,0.0,0.048126446759259256,0.03377885008169935,0.10091145833333333,0.0,0.0,0.4438144696830402,0.0,0.26536635953890947,0.051031120092683104,0.10121604364987229,0.0,0.0,0.31067012877812816,0.23076110171320327,0.2205855510280526
set_EIQlDpgAY5Y,990,2.2362866401672363,0.0,0.046223958333333336,0.04424340164306464,0.13564814814814816,0.0,0.0,0.49022940103436863,0.0,0.2548761517290894,0.06684035534351321,0.1360575806826097,0.0,0.0,0.34316058072405803,0.25697884942170834,0.252290609183173
set_EIQlDpgAY5Y,1000,2.1651625633239746,0.0,0.05145399305555556,0.04545663693718228,0.12834201388888888,0.0,0.0,0.4746378784791978,0.0,0.2837142515256671,0.06867324059108834,0.12872939400975156,0.0,0.0,0.33224651493543844,0.2509466833815608,0.24718628249501112
set_EIQlDpgAY5Y,1010,2.2382919788360596,0.0,0.023726851851851853,0.0637190790668119,0.16357783564814815,0.0,0.0,0.49066900298736993,0.0,0.13082844720992381,0.09626307491785593,0.16407156953796145,0.0,0.0,0.3434683020911589,0.2581890918962872,0.29840128594530946
set_EIQlDpgAY5Y,1020,2.0779166221618652,0.0,0.04287471064814815,0.044032430101670295,0.12239583333333333,0.0,0.0,0.4555121882790443,0.0,0.23640859957720076,0.06652163182157585,0.12276526584629671,0.0,0.0,0.318858531795331,0.23905568606229605,0.3339440882680347
set_EIQlDpgAY5Y,1030,3.027414083480835,0.0,0.09989872685185185,0.1602960466594045,0.7410011574074075,1.0,0.021882233796296297,0.6636570492219344,0.0,0.5508356268198317,0.24216593482826107,0.7432377524959368,1.0,0.6541955017301038,0.46455993445535404,0.486836118964695,0.34895637334499907
set_EIQlDpgAY5Y,1040,3.134592056274414,0.0,0.0447193287037037,0.16458679420842412,0.756199363425926,0.0,0.0,0.6871521560042854,0.0,0.2465797136133381,0.24864814641722321,0.7584818319015556,0.0,0.0,0.4810065092029997,0.43469286103533444,0.35720546054345503
set_EIQlDpgAY5Y,1050,2.9731712341308594,0.0,0.02842158564814815,0.05157225853304284,0.13151041666666666,0.0,0.0,0.651766158729807,0.0,0.1567149295999362,0.07791236564552141,0.13190736011144646,0.0,0.0,0.4562363111108649,0.32600810876638275,0.38357152624248503
set_EIQlDpgAY5Y,1060,2.6573896408081055,0.0,0.04620225694444444,0.04951178966957153,0.13292824074074075,0.0,0.0,0.5825418390152666,0.0,0.25475649156395835,0.07479952924745806,0.1333294636638031,0.0,0.0,0.4077792873106866,0.29943452788856695,0.3594864688119627
set_EIQlDpgAY5Y,1070,3.160999059677124,0.4340277777777778,0.021498842592592594,0.07093296114742192,0.2400173611111111,0.0,0.0,0.692940988808051,0.06493506493506494,0.1185433369231383,0.10716138797172484,0.24074181564894356,0.0,0.0,0.5045392116461551,0.37088601455744596,0.3429334455933885
set_EIQlDpgAY5Y,1080,3.15395188331604,0.0,0.045732060185185185,0.07440824709513436,0.25734953703703706,0.0,0.0,0.691396136290299,0.0,0.25216385465278607,0.11241164764975367,0.2581263060134665,0.0,0.0,0.4839772954032092,0.3664108318120835,0.3519107107177761
set_EIQlDpgAY5Y,1090,2.7045130729675293,0.0,0.044502314814814814,0.044130582788671026,0.12826967592592592,1.0,0.009375,0.5928720406572485,0.0,0.24538311196202783,0.0666699151866294,0.1286568377060599,1.0,0.2802768166089965,0.41501042846007397,0.3519277449424636,0.3686379606219252
set_EIQlDpgAY5Y,1100,3.365245819091797,0.1736111111111111,0.02280815972222222,0.05465618191721133,0.15008680555555556,0.0,0.0,0.7377151088750465,0.025974025974025972,0.12576283355271028,0.08257137754774714,0.150539818899466,0.0,0.0,0.5241927840047403,0.37089443438832037,0.35303687929963096
set_EIQlDpgAY5Y,1110,3.492917060852051,0.0,0.03930121527777778,0.05414558937000726,0.1535300925925926,0.0,0.0,0.7657026643401021,0.0,0.21670455905229152,0.08180000405422148,0.1539934989551892,0.0,0.0,0.5359918650380715,0.3830707774093127,0.4041076163790314
set_EIQlDpgAY5Y,1120,2.6453535556793213,0.0,0.029427083333333333,0.04778191948075527,0.12944155092592594,0.0,0.0,0.5799033387901606,0.0,0.1622591839176738,0.07218614207954906,0.1298322498258649,0.0,0.0,0.40593233715311244,0.29288060794597476,0.4666750652076841
set_EIQlDpgAY5Y,1130,3.1209521293640137,1.996527777777778,0.06242042824074074,0.6163208061002179,0.9698423032407407,0.0,0.0,0.6841620682940005,0.29870129870129875,0.3441825216385465,0.9311015915476425,0.9727696192245182,0.0,0.0,0.56852383741619,0.6217645172090855,0.48621181230273064
set_EIQlDpgAY5Y,1140,4.2727813720703125,0.08680555555555555,0.11171875,0.320712798429557,0.8692997685185185,1.0,0.014004629629629629,0.9366612558326571,0.012987012987012986,0.6160105300945315,0.4845142239103669,0.8719236127234734,1.0,0.4186851211072664,0.6595589829789638,0.6647649890857272,0.47173921465969004
set_EIQlDpgAY5Y,1150,2.9985246658325195,0.0,0.04976851851851852,0.2873921738834423,0.9365234375,0.0,0.0,0.657324031953224,0.0,0.27442064536715727,0.43417536427887166,0.9393501857441374,0.0,0.0,0.46012682236725677,0.46857816986355316,0.47566577208031513
set_EIQlDpgAY5Y,1160,2.703495740890503,0.0,0.05431134259259259,0.055068309731299926,0.16513310185185184,0.0,0.0,0.5926490253756582,0.0,0.29946950660125243,0.08319399625511648,0.16563153006733222,0.0,0.0,0.4148543177629607,0.3107077891941095,0.4619371377613858
set_EIQlDpgAY5Y,1170,2.7224879264831543,0.0,0.04681712962962963,0.05793717660675381,0.17857349537037037,0.0,0.0,0.5968124128413735,0.0,0.2581468629093375,0.08752811330460492,0.17911249129324355,0.0,0.0,0.41776868898896147,0.3125133950491001,0.4278935708345819
set_EIQlDpgAY5Y,1180,3.3314480781555176,0.08680555555555555,0.17191116898148148,0.3439439508442266,0.9625868055555555,0.0,0.0,0.730306109510695,0.012987012987012986,0.9479079414462925,0.5196104964565633,0.9654922219642442,0.0,0.0,0.5151103805535903,0.5531213456144389,0.38892017715167065
set_EIQlDpgAY5Y,1190,3.1050381660461426,0.0,0.049652777777777775,0.34459533292483663,0.9617549189814815,0.0,0.0,0.6806734758366314,0.0,0.27378245781979177,0.5205945665803666,0.96465782447179,0.0,0.0,0.47647143308564194,0.4945471544517077,0.3944325169608954
set_EIQlDpgAY5Y,1200,2.434101104736328,0.0,0.04896556712962963,0.038882676334422654,0.1124927662037037,0.0,0.0,0.5335934603368864,0.0,0.26999321925730924,0.05874168364961189,0.11283230787090781,0.0,0.0,0.37351542223582046,0.2737112014489969,0.43242817989669724
set_EIQlDpgAY5Y,1210,2.6044294834136963,0.0,0.07282986111111112,0.10739852827705157,0.36822193287037036,0.0,0.0,0.5709321348870848,0.0,0.4015795141797296,0.1622514437592696,0.36933335268168094,0.0,0.0,0.39965249442095935,0.33826948824023323,0.3874713027421083
set_EIQlDpgAY5Y,1220,4.410738945007324,0.0,0.029188368055555556,0.09973223606572258,0.36626880787037036,0.0,0.0,0.9669037377821128,0.0,0.1609429221012325,0.15066965581930994,0.367374332482006,0.0,0.0,0.6768326164474789,0.5024917097281095,0.3099397268115688
set_EIQlDpgAY5Y,1230,2.439666748046875,0.0,0.010836226851851852,0.1297143075980392,0.5512225115740741,0.0,0.0,0.5348135373777688,0.0,0.05975030912209326,0.19596482392871803,0.5528862897608544,0.0,0.0,0.37436947616443816,0.3283369598414938,0.3202863519031217
set_EIQlDpgAY5Y,1240,0.8424195647239685,0.08680555555555555,0.012919560185185185,0.04014808006535948,0.08504050925925925,0.0,0.0,0.18467169244609036,0.012987012987012986,0.07123768497467194,0.06065338193427764,0.08529719061992105,0.0,0.0,0.13316628860836713,0.10688927479901061,0.3319852832755985
set_EIQlDpgAY5Y,1250,2.9199633598327637,0.0,0.05131655092592593,0.049332703567538126,0.12034866898148149,0.0,0.0,0.6401021511384023,0.0,0.2829564038131706,0.07452897639093117,0.1207119224518226,0.0,0.0,0.4480715057968816,0.3254443269067615,0.3069320392395865
set_EIQlDpgAY5Y,1260,2.798220634460449,0.0,0.07997685185185185,0.08701031454248366,0.2887369791666667,1.0,0.0146484375,0.6134142202320593,0.0,0.4409875952295481,0.13145011745456775,0.2896084861852798,1.0,0.4379325259515571,0.42938995416244147,0.39676414510261726,0.31341697361077314
set_EIQlDpgAY5Y,1270,3.269158124923706,0.0,0.04423466435185185,0.07431474673202614,0.2561921296296296,0.0,0.0,0.716651166573234,0.0,0.24390730325874518,0.11227039274477779,0.2569654051543998,0.0,0.0,0.5016558166012638,0.37722548954804924,0.355820401752234
set_EIQlDpgAY5Y,1280,3.1437623500823975,0.0,0.042722800925925924,0.07269483024691357,0.22319155092592594,0.0,0.0,0.6891624294460033,0.0,0.23557097842128355,0.10982311723089987,0.22386521941026236,0.0,0.0,0.48241370061220223,0.36076163169742687,0.45355303347574233
set_EIQlDpgAY5Y,1290,2.863326072692871,0.0,0.04949363425925926,0.043803927242193175,0.12837094907407406,0.0,0.0,0.6276863620118686,0.0,0.27290494994216424,0.06617642300495553,0.12875841653122821,0.0,0.0,0.43938045340830795,0.3189064155063152,0.5015316541281376
set_EIQlDpgAY5Y,1300,3.567993640899658,6.423611111111112,0.07228009259259259,0.6619264876089325,0.9969907407407408,0.0,0.0,0.7821606381111635,0.9610389610389611,0.39854812332974354,1.0,1.0,0.0,0.0,0.8358241349895028,0.814107485524303,0.5370470981065137
set_EIQlDpgAY5Y,1310,4.324538230895996,0.0,0.11059751157407408,0.36600810752541757,0.9633029513888889,0.0,0.0,0.9480071778829886,0.0,0.6098280882294285,0.5529437397913224,0.9662105293707917,0.0,0.0,0.663605024518092,0.6366572483645938,0.5165404313157672
set_EIQlDpgAY5Y,1320,3.306598424911499,0.0,0.048488136574074074,0.30292120551924473,0.9631221064814814,1.0,0.010445601851851852,0.7248586724930433,0.0,0.26736069562442666,0.4576357211712174,0.9660291386115625,1.0,0.31228373702422146,0.5074010707451303,0.5548027094399297,0.5230140758131033
set_EIQlDpgAY5Y,1330,2.3038506507873535,0.0,0.04432146990740741,0.036158797431009436,0.10515046296296296,0.0,0.0,0.5050405007667816,0.0,0.2443859439192693,0.05462660598705657,0.10546784304620385,0.0,0.0,0.35352835053674714,0.2582282977436941,0.38272935773009137
set_EIQlDpgAY5Y,1340,3.264552354812622,0.0,0.025267650462962962,0.046989719498910676,0.11586371527777778,0.0,0.0,0.7156415089192001,0.0,0.13932431893422678,0.07098933246900417,0.1162134316229394,0.0,0.0,0.50094905624344,0.3512746379929959,0.2763969760722156
set_EIQlDpgAY5Y,1350,1.0099765062332153,0.0,0.024124710648148147,0.017084212736020333,0.025224247685185185,0.0,0.0,0.22140282413549042,0.0,0.13302221690399266,0.025809833955630614,0.02530038309728349,0.0,0.0,0.15498197689484328,0.11268389510924327,0.18758877895911558
set_EIQlDpgAY5Y,1360,0.9250280857086182,0.0,0.024754050925925926,0.019644778050108933,0.024602141203703704,0.0,0.0,0.2027807867970772,0.0,0.13649236169279247,0.029678186955580946,0.024676398885535175,0.0,0.0,0.14194655075795404,0.10499534007521502,0.19328543058424688
set_EIQlDpgAY5Y,1370,0.9824289083480835,0.0,0.025267650462962962,0.018799899010530138,0.026135706018518518,0.0,0.0,0.21536395498133143,0.0,0.13932431893422678,0.028401792891595473,0.026214592523798465,0.0,0.0,0.15075476848693198,0.11076172387442965,0.18392111969438552
set_EIQlDpgAY5Y,1380,2.50832462310791,0.0,0.04853877314814815,0.05227385167029775,0.1400245949074074,0.0,0.0,0.5498644294963868,0.0,0.26763990267639903,0.07897229171040705,0.1404472370559554,0.0,0.0,0.38490510064747074,0.2867115558693506,0.22692967079024426
set_EIQlDpgAY5Y,1390,2.73085355758667,0.0,0.04541377314814815,0.04422008328794481,0.12483362268518519,0.0,0.0,0.5986462914915829,0.0,0.250408838897531,0.06680512733019701,0.12521041328070584,0.0,0.0,0.419052404044108,0.304453083543689,0.21942890299237394
set_EIQlDpgAY5Y,1400,3.0019161701202393,0.0,0.02795138888888889,0.049917194308278866,0.12540509259259258,0.0,0.0,0.6580675033337309,0.0,0.15412229268876393,0.07541199097288587,0.12578360807986996,0.0,0.0,0.4606472523336116,0.32772665058853706,0.3037953707484208
set_EIQlDpgAY5Y,1410,0.5483098030090332,0.0,0.02841435185185185,0.011301771287218591,0.029984085648148147,0.0,0.0,0.12019818098555089,0.0,0.15667504287822584,0.017074058069565728,0.030074587880195028,0.0,0.0,0.08413872668988562,0.06749150108586355,0.33901693706009545
set_EIQlDpgAY5Y,1420,3.2451765537261963,0.2604166666666667,0.11976996527777778,0.32830207198620187,0.9696469907407408,0.0,0.0,0.711394026869918,0.03896103896103897,0.6604044513581429,0.49597965655086973,0.9725737172045508,0.0,0.0,0.5096641304972542,0.5325940626546636,0.3191610456107979
set_EIQlDpgAY5Y,1430,2.9060943126678467,0.0,0.010271990740740741,0.3314762618010167,0.978978587962963,0.0,0.0,0.6370618366445205,0.0,0.05663914482868653,0.500775037721188,0.9819334803807754,0.0,0.0,0.44594328565116437,0.4628193874277243,0.35557832854851773
set_EIQlDpgAY5Y,1440,1.7502671480178833,0.0,0.04701967592592592,0.04160363335148874,0.10093315972222222,0.0,0.0,0.38368624138396373,0.0,0.2592636911172271,0.06285234709638671,0.1012378105409798,0.0,0.0,0.2685803689687746,0.205173626297201,0.39368159165593547
set_EIQlDpgAY5Y,1450,3.3780269622802734,1.9097222222222223,0.05381944444444445,0.1576293005628177,0.68671875,0.0,0.0,0.7405169376108086,0.28571428571428575,0.29675720952494916,0.2381371700839768,0.6887915022057116,0.0,0.0,0.6040761420418518,0.5098130652771361,0.36304399347292404
set_EIQlDpgAY5Y,1460,1.7675303220748901,0.2604166666666667,0.0296875,0.10208361701161946,0.444017650462963,0.0,0.0,0.38747060217470997,0.03896103896103897,0.16369510589924613,0.1542219852545479,0.4453578476898073,0.0,0.0,0.28291773321060865,0.2580078166229525,0.3361737919390466
set_EIQlDpgAY5Y,1470,3.240255117416382,0.0,0.05091869212962963,0.07883640840595497,0.2777705439814815,0.0,0.0,0.7103151701924894,0.0,0.28076263411910174,0.11910145594979074,0.2786089505456234,0.0,0.0,0.4972206191347425,0.3794060717396063,0.39126762415307353
set_EIQlDpgAY5Y,1480,2.9274582862854004,0.0,0.04849537037037037,0.04797785607298475,0.15394241898148148,0.0,0.0,0.6417451575579184,0.0,0.26740058234613695,0.07248215167562559,0.1544070698862317,0.0,0.0,0.44922161029054286,0.3284683797583371,0.3470892733396089
set_EIQlDpgAY5Y,1490,4.222038269042969,0.0,0.06068431712962963,0.08080593001089324,0.29021267361111114,0.0,0.0,0.9255375650870649,0.0,0.3346097084280643,0.12207689452462817,0.2910886347805898,0.0,0.0,0.6478762955609454,0.4806427873673356,0.3464080376363864
set_EIQlDpgAY5Y,1500,2.3592348098754883,0.08680555555555555,0.013049768518518518,0.08565220474763979,0.3049262152777778,0.0,0.0,0.5171815844046725,0.012987012987012986,0.0719556459654581,0.129398364245915,0.3058465869514744,0.0,0.0,0.36592321297937463,0.28892131120981285,0.32009666682660975
set_EIQlDpgAY5Y,1510,2.134793996810913,0.0,0.04501591435185185,0.06670572916666667,0.16433738425925926,0.0,0.0,0.46798060838485195,0.0,0.24821506920346217,0.10077513200540866,0.16483341072672392,0.0,0.0,0.32758642586939635,0.25460163810684017,0.30906413427448776
set_EIQlDpgAY5Y,1520,2.217954158782959,0.0,0.01171875,0.054366915168845314,0.13462818287037037,0.0,0.0,0.48621063116512864,0.0,0.06461648917075506,0.08213437018547806,0.13503453680055721,0.0,0.0,0.34034744181559,0.24784921769072307,0.2772526004659788
set_EIQlDpgAY5Y,1530,2.270616054534912,0.0,0.0552734375,0.06764322916666667,0.1869212962962963,0.0,0.0,0.4977549516239244,0.0,0.30477444058872805,0.10219145242398946,0.18748548873926166,0.0,0.0,0.34842846613674705,0.27330571699772693,0.2877404291640813
set_EIQlDpgAY5Y,1540,2.386091709136963,0.0,0.04950810185185185,0.043861230255991285,0.1257740162037037,1.0,0.01808449074074074,0.5230690414963128,0.0,0.27298472338558494,0.06626299306200992,0.12615364522869746,1.0,0.5406574394463668,0.36614832904741895,0.32158511832479125,0.3005205291578836
set_EIQlDpgAY5Y,1550,2.5026612281799316,0.0,0.058051215277777776,0.059566851624909226,0.14932002314814816,1.0,0.018815104166666666,0.5486229237549063,0.0,0.32009094172549957,0.08999013144206044,0.14977072208033435,1.0,0.5625,0.3840360466284344,0.34136045470032533,0.26522639850901275
set_EIQlDpgAY5Y,1560,2.6621639728546143,0.0,0.027054398148148147,0.08680748456790124,0.2867042824074074,0.0,0.0,0.5835884481115513,0.0,0.1491763391966814,0.13114369373776638,0.287569654051544,0.0,0.0,0.40851191367808587,0.3185021380758515,0.25530317952475634
set_EIQlDpgAY5Y,1570,0.5980502963066101,0.0,0.005447048611111111,0.02837265114379085,0.044379340277777776,0.0,0.0,0.1311020838209234,0.0,0.030034701447887998,0.04286374948716884,0.04451329231483631,0.0,0.0,0.09177145867464637,0.07137856444636888,0.25359820182237425
set_EIQlDpgAY5Y,1580,1.811003565788269,0.0,0.04684606481481481,0.06738374863834423,0.16803385416666666,0.0,0.0,0.39700062477728526,0.0,0.25830640979617886,0.10179944434880311,0.168541037845368,0.0,0.0,0.27790043734409964,0.2236896220764446,0.20090448362379304
set_EIQlDpgAY5Y,1590,2.8182296752929688,0.0,0.025520833333333333,0.055032424428104576,0.15496238425925926,0.0,0.0,0.6178005184491182,0.0,0.1407203541940888,0.08313978282829776,0.1554301137682842,0.0,0.0,0.4324603629143827,0.31306022981288073,0.17534558869744982
set_EIQlDpgAY5Y,1600,0.6715415120124817,0.0,0.006163194444444444,0.025823858478576617,0.0408275462962963,0.0,0.0,0.14721252065387014,0.0,0.033983486897211916,0.03901318191973216,0.040950777803575575,0.0,0.0,0.1030487644577091,0.07789186370741953,0.21125756734669782
set_EIQlDpgAY5Y,1610,1.5511631965637207,0.0,0.048177083333333336,0.05063813430464779,0.12893518518518518,0.0,0.0,0.34003950616148315,0.0,0.2656455665908819,0.07650114514614333,0.1293243557000232,0.0,0.0,0.23802765431303818,0.19070766344413534,0.21419510119598648
set_EIQlDpgAY5Y,1620,2.198422908782959,0.0,0.04950086805555556,0.03937241852759622,0.1146629050925926,0.0,0.0,0.4819290722553833,0.0,0.2729448366638746,0.05948155764217964,0.11500899698165776,0.0,0.0,0.3373503505787683,0.2509384576926089,0.23240368083278296
set_EIQlDpgAY5Y,1630,2.0750110149383545,0.0,0.050933159722222225,0.037417619825708064,0.11128472222222222,0.0,0.0,0.4548752332200469,0.0,0.28084240756252243,0.05652836157210024,0.11162061759925701,0.0,0.0,0.31841266325403283,0.23837729132288799,0.2857512017221892
set_EIQlDpgAY5Y,1640,3.4690144062042236,0.0,0.07275752314814815,0.0772715255083515,0.24252025462962962,0.0,0.0,0.7604628243926348,0.0,0.4011806469626262,0.11673732197585614,0.24325226375667516,0.0,0.0,0.5323239770748444,0.40410312799686293,0.3059154769449485
set_EIQlDpgAY5Y,1650,2.9380218982696533,0.0,0.046614583333333334,0.07622183074618737,0.24603587962962964,0.0,0.0,0.6440608683808442,0.0,0.2570300347014479,0.11515150424259707,0.2467785001160901,0.0,0.0,0.4508426078665909,0.34462946815445084,0.3173851222304376
set_EIQlDpgAY5Y,1660,2.6142964363098145,0.0,0.024681712962962964,0.052174308959694986,0.1496310763888889,0.0,0.0,0.5730951270194068,0.0,0.13609349447568905,0.07882190837862296,0.1500827141862085,0.0,0.0,0.40116658891358475,0.29152903955793186,0.3389037670059943
set_EIQlDpgAY5Y,1670,2.491140604019165,0.1736111111111111,0.05954137731481481,0.07695845815177924,0.23422309027777777,0.0,0.0,0.5460974207266127,0.025974025974025972,0.32830760639783013,0.11626435804038476,0.23493005572324122,0.0,0.0,0.39006040230083666,0.3082866841200542,0.2804646902529006
set_EIQlDpgAY5Y,1680,3.0919671058654785,0.0,0.03271122685185185,0.06180714415395788,0.17878327546296297,0.0,0.0,0.6778080927108028,0.0,0.18036775557416934,0.09337463496471178,0.17932290457394937,0.0,0.0,0.4744656648975619,0.3459705152006714,0.2669406109866138
set_EIQlDpgAY5Y,1690,0.933896005153656,0.0,0.02574508101851852,0.03458341843681917,0.04832175925925926,0.0,0.0,0.20472477499603045,0.0,0.14195684256710941,0.052246615121483285,0.04846761086603204,0.0,0.0,0.1433073424972213,0.11190774423139487,0.2552438162769063
set_EIQlDpgAY5Y,1700,2.423210859298706,0.0,0.05091869212962963,0.047132891929920116,0.13207465277777777,0.0,0.0,0.5312061462948888,0.0,0.28076263411910174,0.07120562904224846,0.13247329928024146,0.0,0.0,0.37184430240642213,0.2770090718230165,0.26661074722296596
set_EIQlDpgAY5Y,1710,2.0458028316497803,0.0,0.04635416666666667,0.034417381535947714,0.10621383101851851,0.0,0.0,0.4484723374813374,0.0,0.2555941127198756,0.051995776238345025,0.10653442071047131,0.0,0.0,0.3139306362369362,0.2330450660093945,0.26903026077594017
set_EIQlDpgAY5Y,1720,2.3747501373291016,0.0,0.08773148148148148,0.09630140250544662,0.3474392361111111,1.0,0.031510416666666666,0.5205827895757003,0.0,0.48374616090303535,0.1454865522201941,0.3484879266310657,1.0,0.9420415224913494,0.36440795270299015,0.3651213388503526,0.296141832793971
set_EIQlDpgAY5Y,1730,2.840195894241333,0.0,0.010517939814814815,0.12572122367465505,0.46361400462962965,0.0,0.0,0.6226158610642496,0.0,0.05799529336683818,0.18993230521533594,0.4650133503598793,0.0,0.0,0.4358311027449747,0.35806808296554254,0.3141740909421838
set_EIQlDpgAY5Y,1740,1.7383053302764893,0.0,0.06119068287037037,0.09591942969317356,0.3726779513888889,0.0,0.0,0.3810640217448001,0.0,0.3374017789477883,0.14490948993393804,0.3738028209890875,0.0,0.0,0.26674481522136007,0.2474656043215489,0.32769731691110826
set_EIQlDpgAY5Y,1750,3.1608991622924805,0.0,0.04816261574074074,0.07319384872004359,0.25415219907407405,0.0,0.0,0.6929190897213422,0.0,0.2655657931474612,0.11057700528715911,0.25491931739029483,0.0,0.0,0.4850433628049395,0.36717036256408037,0.33119370026987127
set_EIQlDpgAY5Y,1760,2.4444892406463623,0.0,0.0734592013888889,0.07595046409767611,0.2198929398148148,0.0,0.0,0.5358707040289825,0.0,0.4050496589685294,0.11474153930904152,0.22055665196192242,0.0,0.0,0.3751094928202877,0.30066119585401707,0.28311258533072226
set_EIQlDpgAY5Y,1770,3.340704917907715,0.0,0.03033130787037037,0.08072264206608569,0.26317997685185185,0.0,0.0,0.7323353551922107,0.0,0.16724502413146664,0.1219510679466521,0.2639743440910146,0.0,0.0,0.5126347486345475,0.3826032556441675,0.28814115988215994
set_EIQlDpgAY5Y,1780,1.0061933994293213,0.0,0.027560763888888888,0.029716747231299925,0.040596064814814814,0.0,0.0,0.22057350728978262,0.0,0.1519684097164054,0.04489433160266075,0.04071859763176224,0.0,0.0,0.15440145510284783,0.11766250826979778,0.27365606470395104
set_EIQlDpgAY5Y,1790,2.303311824798584,0.0,0.05416666666666667,0.05979334036855483,0.16859085648148148,0.0,0.0,0.5049223815878751,0.0,0.2986717721670456,0.09033229744974469,0.1690997213837938,0.0,0.0,0.35344566711151254,0.2726084770787371,0.2827092419616156
set_EIQlDpgAY5Y,1800,2.5955982208251953,0.0,0.0548828125,0.04396712736020334,0.13561197916666667,0.0,0.0,0.5689961824508559,0.0,0.3026205576163695,0.06642297624170497,0.13602130253076386,0.0,0.0,0.3982973277155991,0.2947448866730358,0.27346974884861214
set_EIQlDpgAY5Y,1810,3.036785364151001,0.3472222222222222,0.032566550925925926,0.05098575367647059,0.15388454861111112,0.0,0.0,0.6657113821626869,0.051948051948051945,0.1795700211399625,0.07702630825463065,0.1543490248432784,0.0,0.0,0.4815823830982964,0.34592708214234,0.31497313506958635
set_EIQlDpgAY5Y,1820,2.95640230178833,0.08680555555555555,0.05266927083333333,0.0534645061728395,0.1548466435185185,0.0,0.0,0.6480901435398896,0.012987012987012986,0.29041522077300463,0.08077106321272709,0.1553140236823775,0.0,0.0,0.4575592043740266,0.33640579007915,0.2909136103302795
set_EIQlDpgAY5Y,1830,2.9131176471710205,0.08680555555555555,0.008521412037037037,0.05744595928649237,0.1978443287037037,0.0,0.0,0.6386014626499317,0.012987012987012986,0.046986558174783616,0.08678601077591498,0.19844149059670302,0.0,0.0,0.450917127751056,0.32517943937466864,0.2966196763777518
set_EIQlDpgAY5Y,1840,1.233128309249878,0.0,0.02578125,0.041166286537763254,0.14186921296296295,0.0,0.0,0.270321228765595,0.0,0.14215627617566112,0.06219162899262067,0.14229742280009286,0.0,0.0,0.1892248601359165,0.1523108533822032,0.28956434620542193
set_EIQlDpgAY5Y,1850,2.643794059753418,0.1736111111111111,0.06224681712962963,0.07207609953703703,0.23711660879629629,0.0,0.0,0.579561472617936,0.025974025974025972,0.3432252403174983,0.10888837489703197,0.2378323078709078,0.0,0.0,0.413485238624763,0.3232752169103969,0.27238013567241676
set_EIQlDpgAY5Y,1860,2.7343199253082275,0.0,0.05935329861111111,0.04829741966230937,0.13568431712962964,0.0,0.0,0.5994061741208405,0.0,0.3272705516333613,0.07296492974132739,0.13609385883445554,0.0,0.0,0.41958432188458833,0.31065043128069103,0.2548183864009985
set_EIQlDpgAY5Y,1870,2.180145025253296,0.0,0.05285734953703704,0.04034361950798838,0.11669560185185185,0.0,0.0,0.47792227109940416,0.0,0.2914522755374736,0.06094879153985974,0.11704782911539353,0.0,0.0,0.3345455897695829,0.25048473741412386,0.27123110202913225
set_EIQlDpgAY5Y,1880,2.0875234603881836,0.0,0.044596354166666664,0.037854087236746554,0.10537471064814814,0.0,0.0,0.45761815916172593,0.0,0.2459016393442623,0.05718775112548575,0.105692767587648,0.0,0.0,0.3203327114132081,0.23737069301757746,0.2644637203412805
set_EIQlDpgAY5Y,1890,2.153836488723755,0.0,0.012622974537037037,0.0411093239379085,0.0908130787037037,0.0,0.0,0.47215502379160684,0.0,0.06960232938454788,0.06210557321313295,0.09108718365451589,0.0,0.0,0.3305085166541248,0.23437443152287202,0.24643051121585477
set_EIQlDpgAY5Y,1900,2.4470200538635254,0.0,0.057421875,0.06265945556463326,0.17962239583333334,0.0,0.0,0.5364254983139793,0.0,0.31662079693669976,0.09466225742223598,0.1801645576967727,0.0,0.0,0.37549784881978554,0.28943830847113833,0.2626960202653114
set_EIQlDpgAY5Y,1910,1.8371702432632446,0.0,0.04585503472222222,0.05325222971132898,0.14499421296296297,0.0,0.0,0.40273677433665367,0.0,0.2528419289218619,0.0804503682934509,0.1454318551195728,0.0,0.0,0.28191574203565756,0.22048438565356218,0.27162376767163965
set_EIQlDpgAY5Y,1920,2.9460785388946533,0.08680555555555555,0.03139467592592592,0.0598569126724764,0.16323784722222223,0.0,0.0,0.6458270114311142,0.012987012987012986,0.173108372222887,0.09042833878531839,0.16373055491061064,0.0,0.0,0.4559750118978838,0.33181228266140717,0.2716008797209045
set_EIQlDpgAY5Y,1930,2.4179768562316895,0.0,0.04860387731481482,0.059968511710239654,0.1644386574074074,0.0,0.0,0.5300587700406696,0.0,0.2679988831717921,0.090596936114255,0.16493498955189226,0.0,0.0,0.3710411390284687,0.28200943004921836,0.2667708705679114
set_EIQlDpgAY5Y,1940,1.9856449365615845,0.08680555555555555,0.05138888888888889,0.043054449210239654,0.11824363425925925,0.0,0.0,0.43528477540997024,0.012987012987012986,0.283355271030274,0.06504415522902644,0.11860053401439516,0.0,0.0,0.30859544668308303,0.2342599917691964,0.2733860457389118
set_EIQlDpgAY5Y,1950,2.348526954650879,0.0,0.045421006944444446,0.04216333061002179,0.11501012731481482,0.0,0.0,0.5148342531820836,0.0,0.25044872561924136,0.06369790512890303,0.11535726723937775,0.0,0.0,0.3603839772274585,0.26528826270617295,0.26369487731700814
set_EIQlDpgAY5Y,1960,2.229963541030884,0.0,0.049877025462962965,0.03801581222766885,0.11181278935185185,0.0,0.0,0.4888432776964126,0.0,0.2750189461928124,0.05743207582611299,0.11215027861620616,0.0,0.0,0.3421902943874888,0.25356026150856387,0.25428186701215133
set_EIQlDpgAY5Y,1970,2.5517947673797607,0.0,0.04931278935185185,0.03414068173565723,0.10266203703703704,0.0,0.0,0.5593937726523578,0.0,0.2719077818994057,0.051577754289578476,0.10297190619921058,0.0,0.0,0.3915756408566504,0.28335644055188913,0.26141656862243307
set_EIQlDpgAY5Y,1980,2.0300309658050537,0.0,0.054694733796296295,0.03790676629448076,0.10985243055555556,0.0,0.0,0.4450148950375206,0.0,0.3015835028519006,0.05726733557892633,0.11018400278616206,0.0,0.0,0.31151042652626443,0.23494437852493444,0.2785627683351641
set_EIQlDpgAY5Y,1990,2.352496385574341,0.0,0.04865451388888889,0.04850580973129993,0.13420138888888888,0.0,0.0,0.5157044152217364,0.0,0.26827809022376453,0.07327975332505089,0.1346064546087764,0.0,0.0,0.36099309065521545,0.2699334998206049,0.2828759614638935
set_EIQlDpgAY5Y,2000,3.167778491973877,0.0,0.028428819444444444,0.06221802378358751,0.16540075231481483,0.0,0.0,0.6944271475922137,0.0,0.15675481632164653,0.09399536798767003,0.1658999883909914,0.0,0.0,0.4860990033145495,0.35101926126982813,0.2699012721874739
set_EIQlDpgAY5Y,2010,2.3882248401641846,0.0,0.044646990740740744,0.055607298474945534,0.14580439814814813,0.0,0.0,0.523536657555462,0.0,0.24618084639623472,0.08400826906899432,0.14624448572091941,0.0,0.0,0.36647566028882333,0.27512622715221074,0.27586984364103845
set_EIQlDpgAY5Y,2020,1.8571481704711914,0.0,0.04696903935185185,0.04391297317538126,0.1234302662037037,0.0,0.0,0.4071162519551076,0.0,0.25898448406525465,0.06634116325214218,0.12380282098908753,0.0,0.0,0.2849813763685753,0.21848299416979122,0.26537231262436123
set_EIQlDpgAY5Y,2030,2.3195295333862305,0.08680555555555555,0.011870659722222222,0.06361037354756718,0.15640190972222223,0.0,0.0,0.5084775598124686,0.012987012987012986,0.06545411032667225,0.09609884894823596,0.1568739842117483,0.0,0.0,0.3598303957648319,0.2647872357927573,0.23019878415631817
set_EIQlDpgAY5Y,2040,1.8109056949615479,0.0,0.042491319444444446,0.05926266339869281,0.13619791666666667,0.0,0.0,0.39697916994412547,0.0,0.2342946033265526,0.0895305815797861,0.13660900859066635,0.0,0.0,0.2778854189608878,0.21744584473721862,0.21578325872677792
set_EIQlDpgAY5Y,2050,1.5143003463745117,0.0,0.040219907407407406,0.029827835648148147,0.07898582175925926,0.0,0.0,0.3319585863705729,0.0,0.221770172709505,0.045062157515247364,0.07922422800092872,0.0,0.0,0.232371010459401,0.17515161892961303,0.22232229834888467
set_EIQlDpgAY5Y,2060,1.774745225906372,0.0,0.04205005787037037,0.032047930283224405,0.09092158564814815,0.0,0.0,0.389052223206781,0.0,0.23186151330222168,0.04841614723561023,0.0911960181100534,0.0,0.0,0.2723365562447467,0.20304860000450942,0.20878182968072498
set_EIQlDpgAY5Y,2070,2.2259299755096436,0.0,0.02697482638888889,0.04766166825526506,0.1331886574074074,0.0,0.0,0.4879590563385626,0.0,0.14873758525786768,0.0720044735291265,0.1335906663570931,0.0,0.0,0.3415713394369938,0.25117819228032484,0.23694369391770903
set_EIQlDpgAY5Y,2080,1.4913140535354614,0.0,0.020949074074074075,0.07417906340777052,0.2730324074074074,0.0,0.0,0.32691962742493186,0.0,0.11551194607315225,0.11206541027800002,0.2738565126538194,0.0,0.0,0.2288437391974523,0.1970848924519589,0.26946581765245126
set_EIQlDpgAY5Y,2090,2.957537889480591,0.0,0.04821325231481482,0.09064797794117647,0.32570167824074076,0.0,0.0,0.6483390823226913,0.0,0.26584500019943363,0.13694568753189326,0.3266847573717205,0.0,0.0,0.4538373576258839,0.3582551659221388,0.29730365263309977
set_EIQlDpgAY5Y,2100,2.987769603729248,0.0,0.051106770833333336,0.059052883306100215,0.15508535879629629,0.0,0.0,0.6549663522361999,0.0,0.28179968888357065,0.08921365802933208,0.15555345948456,0.0,0.0,0.4584764465653399,0.3377622376033243,0.31883864577950727
set_EIQlDpgAY5Y,2110,3.0295305252075195,0.0,0.017715567129629628,0.07877099219317357,0.20586660879629629,0.0,0.0,0.6641210067224447,0.0,0.09768258146862908,0.11900262894406431,0.20648798467610863,0.0,0.0,0.46488470470571125,0.34223777490775203,0.39935630465228655
set_EIQlDpgAY5Y,2120,2.997386932373047,0.0,0.059953703703703703,0.08651838802650691,0.26953125,0.0,0.0,0.6570746227843115,0.0,0.3305811495353197,0.1307069435142806,0.2703447875551428,0.0,0.0,0.459952235949018,0.3588531580123625,0.4276721094307366
set_EIQlDpgAY5Y,2130,4.5617146492004395,0.08680555555555555,0.034186921296296295,0.1455712429647785,0.5449797453703704,1.0,0.0287109375,1.0,0.012987012987012986,0.18850464680307924,0.2199205586871488,0.5466246807522638,1.0,0.8583477508650518,0.7038961038961038,0.5996731868158552,0.4099561160647186
set_EIQlDpgAY5Y,2140,3.8338427543640137,0.08680555555555555,0.011617476851851851,0.19004672181372548,0.7255063657407408,0.0,0.0,0.8404389684997056,0.012987012987012986,0.06405807506681026,0.28711152276173224,0.7276961922451822,0.0,0.0,0.5922033818458977,0.49983418981438876,0.393318643639253
set_EIQlDpgAY5Y,2150,2.0993294715881348,0.0,0.05047019675925926,0.061723884576978943,0.14144965277777777,0.0,0.0,0.4602062235427412,0.0,0.27828965737306055,0.0932488512431996,0.1418765962386812,0.0,0.0,0.32214435647991885,0.24918227077323463,0.36964883878532595
set_EIQlDpgAY5Y,2160,2.2656846046447754,0.0,0.052379918981481484,0.04014209445352215,0.1197337962962963,0.0,0.0,0.49667389981131244,0.0,0.28881975190459097,0.060644339220397206,0.12009519387044346,0.0,0.0,0.34767172986791867,0.25905041278042407,0.2989583744536105
set_EIQlDpgAY5Y,2170,2.1303648948669434,0.0,0.04494357638888889,0.03433851897240378,0.10146846064814814,0.0,0.0,0.46700967918726477,0.0,0.24781620198635876,0.05187663526873554,0.10177472718829811,0.0,0.0,0.3269067754310853,0.24050413374272725,0.24100198070338177
set_EIQlDpgAY5Y,2180,2.177535057067871,0.0,0.04796730324074074,0.036185491557734206,0.09958767361111111,0.0,0.0,0.4773501247934352,0.0,0.264488851661282,0.05466693391957548,0.09988826329231483,0.0,0.0,0.3341450873554046,0.24622086515727773,0.23619677308410253
set_EIQlDpgAY5Y,2190,1.7925070524215698,0.0,0.050209780092592596,0.03782166280864198,0.1078052662037037,0.0,0.0,0.3929458965031392,0.0,0.2768537353914882,0.05713876618726141,0.10813065939168795,0.0,0.0,0.27506212755219744,0.21005222106324506,0.23223866576172542
set_EIQlDpgAY5Y,2200,1.9681036472320557,0.0,0.04613715277777778,0.035764342774146696,0.10153356481481482,0.0,0.0,0.4314394473527663,0.0,0.2543975110685653,0.05403068685668966,0.10184002786162062,0.0,0.0,0.30200761314693636,0.22515623267683862,0.226192064495721
set_EIQlDpgAY5Y,2210,2.183743953704834,0.08680555555555555,0.006293402777777778,0.042570494054103125,0.09830729166666667,0.0,0.0,0.47871121313727777,0.012987012987012986,0.03470144788799809,0.06431302395509192,0.09860401671697237,0.0,0.0,0.3389939530921983,0.23925987616853853,0.21776396813210946
set_EIQlDpgAY5Y,2220,1.7789286375045776,0.0,0.049088541666666666,0.04523338212599855,0.10967881944444445,0.0,0.0,0.38996929319469414,0.0,0.2706712935263851,0.06833596022028737,0.11000986765730207,0.0,0.0,0.27297850523628586,0.21027112741270493,0.23004039564979517
set_EIQlDpgAY5Y,2230,1.7895344495773315,0.0,0.04495804398148148,0.03040651098402324,0.08237847222222222,0.0,0.0,0.3922942549444636,0.0,0.24789597542977942,0.04593638652210496,0.08262711864406778,0.0,0.0,0.2746059784611245,0.20408038333922013,0.24925017238538083
set_EIQlDpgAY5Y,2240,1.9192405939102173,0.0,0.052018229166666666,0.03469201048474945,0.09874131944444445,1.0,0.009375,0.42072789323782334,0.0,0.28682541581907384,0.052410669665247725,0.09903935453912235,1.0,0.2802768166089965,0.29450952526647634,0.2714343586516736,0.254109613294652
set_EIQlDpgAY5Y,2250,2.943791389465332,0.0,0.023126446759259258,0.04905506762890341,0.1327618634259259,0.0,0.0,0.6453256321022423,0.0,0.12751784930796536,0.0741095401788563,0.13316258416531226,0.0,0.0,0.45172794247156955,0.321205116354767,0.2986337483931761
set_EIQlDpgAY5Y,2260,2.297377824783325,0.0,0.0490306712962963,0.04697125204248366,0.12727141203703704,0.0,0.0,0.5036215549313241,0.0,0.27035219975270236,0.07096143291101288,0.1276555607151149,0.0,0.0,0.3525350884519268,0.2635570807148944,0.3315314431668683
set_EIQlDpgAY5Y,2270,2.64664363861084,0.3472222222222222,0.10695167824074074,0.13401498388707334,0.5140769675925926,1.0,0.010445601851851852,0.580186145372932,0.051948051948051945,0.5897251804874157,0.20246203528004103,0.5156286278151846,1.0,0.31228373702422146,0.42171471734546795,0.4328918029053252,0.282373764414939
set_EIQlDpgAY5Y,2280,2.559476613998413,0.0,0.010460069444444444,0.17756791258169935,0.727416087962963,0.0,0.0,0.5610777549286272,0.0,0.05767619959315543,0.26825926429251284,0.7296116786626422,0.0,0.0,0.39275442845003905,0.3685688572076811,0.268849304754335
set_EIQlDpgAY5Y,2290,0.21222920715808868,0.0,0.010221354166666667,0.005336953068264342,0.006807002314814815,0.0,0.0,0.04652399886417434,0.0,0.056359937776714136,0.008062757977162905,0.006827548177385651,0.0,0.0,0.03256679920492204,0.02564596489202716,0.27551185504431214
set_EIQlDpgAY5Y,2300,2.162231922149658,0.0,0.04736689814814815,0.061803966957153234,0.13180700231481482,0.0,0.0,0.4739954355822424,0.0,0.2611782537593235,0.09336983504075629,0.1322048409565823,0.0,0.0,0.33179680490756963,0.2535828180517469,0.23318765889347368
set_EIQlDpgAY5Y,2310,2.705768346786499,0.0,0.024602141203703704,0.047930850580973135,0.12272135416666667,0.0,0.0,0.5931472165320021,0.0,0.1356547405368753,0.07241113851496268,0.12309176921290922,0.0,0.0,0.41520305157240145,0.2968698321647801,0.2181067417971499
set_EIQlDpgAY5Y,2320,1.9424277544021606,0.0,0.03755063657407407,0.040379816857298474,0.10122251157407407,0.0,0.0,0.4258108855499373,0.0,0.20705197239838857,0.061003476387781225,0.10152803575574645,0.0,0.0,0.29806761988495606,0.22127082215113308,0.27809357319871797
set_EIQlDpgAY5Y,2330,2.2471604347229004,0.3472222222222222,0.011371527777777777,0.08561231958061001,0.38446903935185184,0.0,0.0,0.49261310878285086,0.051948051948051945,0.06270192652865861,0.12933810805768803,0.38562949849082884,0.0,0.0,0.36041359173241116,0.2931642717260623,0.2981947942794862
set_EIQlDpgAY5Y,2340,2.6077449321746826,0.0,0.045543981481481484,0.0852012413761801,0.363599537037037,0.0,0.0,0.571658933693224,0.0,0.2511267998883172,0.12871707503948257,0.36469700487578355,0.0,0.0,0.4001612535852567,0.32558012189986735,0.3192561896288619
set_EIQlDpgAY5Y,2350,3.2518362998962402,0.0,0.03138020833333333,0.049733654457153234,0.13342737268518517,0.0,0.0,0.7128539485621289,0.0,0.1730285987794663,0.07513470965152852,0.13383010215927557,0.0,0.0,0.4989977639934902,0.35408892345558823,0.37377337205351346
set_EIQlDpgAY5Y,2360,2.906705617904663,1.3888888888888888,0.07693865740740741,0.09177245029956427,0.31775896990740743,0.0,0.0,0.6371958444209437,0.20779220779220778,0.4242351721112042,0.13864447490396187,0.3187180752263757,0.0,0.0,0.5083747534323229,0.4021768089116583,0.39726091399119756
set_EIQlDpgAY5Y,2370,3.960256576538086,1.3020833333333335,0.08201678240740741,0.07090972789578795,0.2547019675925926,0.0,0.0,0.868150877703897,0.19480519480519484,0.4522356507518647,0.10712628852780033,0.2554707452983515,0.0,0.0,0.6661471728342863,0.49385673427439103,0.42200034709954776
set_EIQlDpgAY5Y,2380,3.218447208404541,1.3020833333333335,0.06381655092592593,0.06550698983297022,0.21646412037037038,0.0,0.0,0.7055345316193021,0.19480519480519484,0.3518806589286427,0.09896414641088043,0.21711748316693755,0.0,0.0,0.5523157305750699,0.4106019814144829,0.40799323902604134
set_EIQlDpgAY5Y,2390,3.3358306884765625,0.0,0.05025318287037037,0.09140917188634713,0.35530960648148147,1.0,0.00990306712962963,0.7312668470092172,0.0,0.27709305572175025,0.1380956550274082,0.3563820524727188,1.0,0.2960640138408304,0.511886792906452,0.4492772874416184,0.3790677110498802
set_EIQlDpgAY5Y,2400,2.034541130065918,0.0,0.04691116898148148,0.03864435820624546,0.11626157407407407,1.0,0.011574074074074073,0.44600359437706716,0.0,0.25866539029157193,0.05838164649648622,0.11661249129324355,1.0,0.3460207612456747,0.312202516063947,0.28405338308805617,0.3471462265985344
set_EIQlDpgAY5Y,2410,2.2881155014038086,0.0,0.038816550925925924,0.04090731663035585,0.11825810185185186,0.0,0.0,0.50159110715197,0.0,0.21403214869769854,0.061800392333784315,0.1186150452751335,0.0,0.0,0.35111377500637897,0.25754916903085245,0.3422459049521986
set_EIQlDpgAY5Y,2420,3.0973236560821533,0.08680555555555555,0.019697627314814815,0.0452030001815541,0.10404369212962963,0.0,0.0,0.6789823332384547,0.012987012987012986,0.10861154321726298,0.06829006094746298,0.10435773159972138,0.0,0.0,0.47918373716302215,0.33424931201766195,0.3226835542468322
set_EIQlDpgAY5Y,2430,3.4549756050109863,0.08680555555555555,0.05100549768518518,0.05883240854212055,0.1523943865740741,0.0,0.0,0.7573852971308851,0.012987012987012986,0.28124127477962585,0.08888057759199215,0.1528543649872301,0.0,0.0,0.5340658118877234,0.386100373182804,0.33011234612580576
set_EIQlDpgAY5Y,2440,2.663412570953369,0.0,0.04759837962962963,0.050923287717864925,0.1402271412037037,1.0,0.0146484375,0.5838621605628493,0.0,0.26245462885405446,0.0769319383211486,0.14065039470629206,1.0,0.4379325259515571,0.4087035123939945,0.3514655339147864,0.3350898406194983
set_EIQlDpgAY5Y,2450,2.931091785430908,0.0,0.007718460648148148,0.05731759486201888,0.16885850694444443,0.0,0.0,0.6425416780386864,0.0,0.042559132064935584,0.0865920852768204,0.16936817970745296,0.0,0.0,0.4497791746270805,0.3211973424829241,0.3113252991221333
set_EIQlDpgAY5Y,2460,2.4714839458465576,0.0,0.04704861111111111,0.05157971927196805,0.13930121527777778,0.0,0.0,0.5417883703619537,0.0,0.25942323800406847,0.07792363689552405,0.13972167401903876,0.0,0.0,0.3792518592533676,0.2824366414993151,0.2822549738815252
set_EIQlDpgAY5Y,2470,1.8494207859039307,0.0,0.0466724537037037,0.04032333651053014,0.10948350694444445,0.0,0.0,0.40542228704026684,0.0,0.25734912847513064,0.06091814916817961,0.10981396563733457,0.0,0.0,0.2837956009281868,0.215426604530837,0.2606523981554107
set_EIQlDpgAY5Y,2480,2.1047821044921875,0.0,0.045797164351851855,0.042182961147421934,0.1089988425925926,0.0,0.0,0.4614015269151274,0.0,0.2525228351481792,0.06372756180191375,0.10932783840260042,0.0,0.0,0.3229810688405892,0.2407487469797634,0.2528093127670496
set_EIQlDpgAY5Y,2490,2.0624799728393555,0.0,0.061103877314814814,0.04741089665032679,0.12367621527777778,0.0,0.0,0.4521282305987419,0.0,0.33692313828726417,0.07162562238835386,0.12404951242163918,0.0,0.0,0.31648976141911933,0.24345265528421406,0.2560179211528483
set_EIQlDpgAY5Y,2500,2.4921352863311768,0.0,0.05322627314814815,0.044491478304284675,0.11349103009259259,0.0,0.0,0.5463154708214791,0.0,0.2934864983447011,0.06721513512021644,0.1138335848618528,0.0,0.0,0.38242082957503537,0.2819819155411184,0.29635944032183126
set_EIQlDpgAY5Y,2510,2.6188747882843018,0.0,0.05828993055555556,0.04946830178830791,0.12816116898148147,0.0,0.0,0.5740987741842486,0.0,0.3214072035419409,0.07473383028831729,0.1285480032505224,0.0,0.0,0.401869141928974,0.2984796834283088,0.33483284279596787
set_EIQlDpgAY5Y,2520,3.8066632747650146,0.0,0.033289930555555555,0.06091409654139433,0.18580005787037038,0.0,0.0,0.8344807966960915,0.0,0.18355869331099678,0.09202547062504395,0.18636086603204086,0.0,0.0,0.584136557687264,0.4171342003757517,0.36303164633456625
set_EIQlDpgAY5Y,2530,3.8900861740112305,0.0,0.0607349537037037,0.059674450798838055,0.19045138888888888,0.0,0.0,0.852768415642366,0.0,0.3348889154800367,0.0901526860095888,0.19102623635941487,0.0,0.0,0.5969378909496562,0.43311575935044644,0.3642707898389948
set_EIQlDpgAY5Y,2540,2.9813590049743652,0.0,0.009194155092592592,0.06782821577705156,0.22371238425925927,1.0,0.020319733796296296,0.6535610475979524,0.0,0.050696023293845476,0.10247091942500511,0.22438762479684235,1.0,0.6074826989619376,0.45749273331856666,0.38444667297720586,0.369421376692123
set_EIQlDpgAY5Y,2550,2.373417377471924,0.0,0.05596064814814815,0.06609400531045752,0.23569878472222222,0.0,0.0,0.5202906275358384,0.0,0.3085636791512106,0.09985097521812118,0.23641020431855117,0.0,0.0,0.36420343927508686,0.2881776330632611,0.34985529121614445
set_EIQlDpgAY5Y,2560,2.9065263271331787,0.0,0.05342881944444444,0.04411458333333334,0.12746672453703703,0.0,0.0,0.6371565410481395,0.0,0.29460332655259064,0.0666457441409964,0.1278514627350824,0.0,0.0,0.44600957873369756,0.32423261769394995,0.35746136316524907
set_EIQlDpgAY5Y,2570,2.8334057331085205,0.0,0.04895833333333333,0.05377754516158315,0.14069733796296297,0.0,0.0,0.6211273503495335,0.0,0.2699533325355989,0.08124398429173457,0.1411220106802879,0.0,0.0,0.43478914524467344,0.319303772995859,0.36854430355994416
set_EIQlDpgAY5Y,2580,3.887059211730957,0.607638888888889,0.0800853587962963,0.080357718318809,0.29139901620370373,0.0,0.0,0.852104857635553,0.09090909090909093,0.44158589605520326,0.1213997623951929,0.2922785581611331,0.0,0.0,0.6237461276176143,0.4711461190959695,0.3801839897500732
set_EIQlDpgAY5Y,2590,3.8083395957946777,0.1736111111111111,0.04718605324074074,0.07763931440631809,0.2829644097222222,0.0,0.0,0.8348482727787871,0.025974025974025972,0.26018108571656495,0.11729295603016805,0.2838184931506849,0.0,0.0,0.5921859987373588,0.4398613749506814,0.3716883629110025
set_EIQlDpgAY5Y,2600,2.9764842987060547,0.0,0.04495081018518519,0.06988579112200435,0.2445095486111111,0.0,0.0,0.652492434884712,0.0,0.2478560887080691,0.10557938446375184,0.24524756210819593,0.0,0.0,0.4567447044192984,0.3463760640139062,0.3726388620465589
set_EIQlDpgAY5Y,2610,2.447202444076538,0.0,0.054615162037037035,0.04936090118917938,0.14059606481481482,0.0,0.0,0.536465481133388,0.0,0.30114474891308685,0.07457157571603616,0.14102043185511956,0.0,0.0,0.3755258367933716,0.28175448349859633,0.3292994207139929
set_EIQlDpgAY5Y,2620,2.874833583831787,0.0,0.05040509259259259,0.0509050188362382,0.1498480902777778,0.0,0.0,0.6302089904583745,0.0,0.2779306768776674,0.07690433875840452,0.1503003830972835,0.0,0.0,0.44114629332086214,0.32405626867364096,0.3056660587663227
set_EIQlDpgAY5Y,2630,2.231083631515503,0.0,0.04786603009259259,0.04044795638162672,0.11960358796296296,0.0,0.0,0.4890888192461927,0.0,0.26393043755733714,0.06110641761404094,0.11996459252379846,0.0,0.0,0.3423621734723349,0.25444891243313955,0.32834885679361037
set_EIQlDpgAY5Y,2640,2.7461438179016113,0.1736111111111111,0.0658130787037037,0.054075520833333335,0.1515625,0.0,0.0,0.6019981583861115,0.025974025974025972,0.3628893941206972,0.08169414858841736,0.15201996749477592,0.0,0.0,0.4291909186624858,0.3216945652123304,0.3579174293779917
set_EIQlDpgAY5Y,2650,3.7761313915252686,0.8680555555555556,0.06461950231481481,0.07514016544117647,0.2638888888888889,0.0,0.0,0.8277877249922099,0.12987012987012989,0.35630808503849065,0.11351738727453588,0.2646853958671929,0.0,0.0,0.6184124464555858,0.45979005415034463,0.3404256490521539
set_EIQlDpgAY5Y,2660,3.6739742755889893,0.0,0.049479166666666664,0.08973983864379084,0.330931712962963,0.0,0.0,0.8053932694437496,0.0,0.27282517649874355,0.13557372355343683,0.3319305781286278,0.0,0.0,0.5637752886106246,0.4295973464205028,0.33677857161599406
set_EIQlDpgAY5Y,2670,2.077143907546997,0.0,0.048980034722222225,0.03701096700254176,0.09772858796296297,0.0,0.0,0.4553427970140726,0.0,0.27007299270072993,0.05591401416226134,0.09802356628743905,0.0,0.0,0.3187399579098508,0.23659736704445228,0.33903911625922956
set_EIQlDpgAY5Y,2680,2.088073492050171,0.0,0.048582175925925924,0.03489832970225127,0.08901909722222222,0.0,0.0,0.4577387348014328,0.0,0.26787922300666106,0.052722364727107396,0.08928778732296261,0.0,0.0,0.32041711436100295,0.23621352525234018,0.3179288982010327
set_EIQlDpgAY5Y,2690,2.9415910243988037,0.08680555555555555,0.042469618055555554,0.057395124137618006,0.15458622685185186,0.0,0.0,0.6448432772782916,0.012987012987012986,0.23417494316142157,0.08670921199262714,0.15505282098908754,0.0,0.0,0.455286397990908,0.33299728842850773,0.2781617006753177
set_EIQlDpgAY5Y,2700,3.1318461894989014,0.0,0.053247974537037036,0.060092535856935365,0.16942274305555555,0.0,0.0,0.6865502185779726,0.0,0.29360615850983207,0.09078430457437467,0.16993411887624796,0.0,0.0,0.48058515300458077,0.35423896385936027,0.2858600550782155
set_EIQlDpgAY5Y,2710,1.978947401046753,0.0,0.05426070601851852,0.040285720769789396,0.11420717592592593,0.0,0.0,0.4338165696956989,0.0,0.29919029954928006,0.060861321497063706,0.11455189226840028,0.0,0.0,0.3036715987869892,0.23076135879192808,0.2975911509445909
set_EIQlDpgAY5Y,2720,2.4085733890533447,0.0,0.050520833333333334,0.04534997390159767,0.13245081018518517,0.0,0.0,0.5279973813082567,0.0,0.2785688644250329,0.06851210028686831,0.1328505920594381,0.0,0.0,0.3695981669157797,0.2750891390589412,0.29563914177126016
set_EIQlDpgAY5Y,2730,2.646361827850342,0.1736111111111111,0.015661168981481483,0.049297782770515615,0.13089554398148148,0.0,0.0,0.5801243679970615,0.025974025974025972,0.08635475250289179,0.07447622008388467,0.13129063153006731,0.0,0.0,0.4138792653901508,0.2948690045842169,0.29352056670780624
set_EIQlDpgAY5Y,2740,2.944058895111084,0.0,0.04632523148148148,0.043805374001452436,0.10085358796296297,0.0,0.0,0.6453842735707083,0.0,0.2554345658330342,0.06617860868461384,0.10115799860691897,0.0,0.0,0.45176899149949573,0.3232372425618544,0.3221072758062338
set_EIQlDpgAY5Y,2750,3.0963211059570312,0.0,0.05145399305555556,0.04462182847676107,0.13863570601851852,0.0,0.0,0.6787625583945157,0.0,0.2837142515256671,0.06741206057178321,0.13905415602507545,0.0,0.0,0.475133790876161,0.34364608854209044,0.3424038830249714
set_EIQlDpgAY5Y,2760,3.251685619354248,0.0,0.04580439814814815,0.07365868395969499,0.2353443287037037,0.0,0.0,0.7128209170041339,0.0,0.25256272186988954,0.1112792513044329,0.23605467843046202,0.0,0.0,0.49897464190289365,0.3736949042840659,0.33643264554779445
set_EIQlDpgAY5Y,2770,3.317272424697876,0.0,0.04306278935185185,0.07143399373638344,0.2120876736111111,0.0,0.0,0.727198582068108,0.0,0.23744565434166964,0.10791831883692014,0.2127278267935918,0.0,0.0,0.5090390074476755,0.3765721751526292,0.32547449467917094
set_EIQlDpgAY5Y,2780,2.229111909866333,0.0,0.06263744212962963,0.05411923565722585,0.15537471064814815,0.0,0.0,0.48865658667559214,0.0,0.3453791232898568,0.08176019039926924,0.15584368469932666,0.0,0.0,0.34205961067291446,0.26501281719833236,0.3141572075045442
set_EIQlDpgAY5Y,2790,2.273895740509033,0.0,0.045970775462962965,0.06159089619644154,0.17449363425925926,0.0,0.0,0.49847391066155206,0.0,0.2534801164692274,0.09304794014049121,0.17502031576503366,0.0,0.0,0.3489317374630864,0.26844648821873685,0.2902801063468817
set_EIQlDpgAY5Y,2800,2.594151258468628,0.0,0.01046730324074074,0.06190194943718228,0.1419777199074074,0.0,0.0,0.5686789854168808,0.0,0.05771608631486578,0.09351786126702649,0.14240625725563036,0.0,0.0,0.3980752897918165,0.2870596526689567,0.2655372691705348
set_EIQlDpgAY5Y,2810,2.106473445892334,0.0,0.05326967592592593,0.06513503086419753,0.1701388888888889,0.0,0.0,0.4617722957005978,0.0,0.2937258186749631,0.09840221245637694,0.17065242628279545,0.0,0.0,0.32324060699041846,0.2543093984957533,0.2659569713995431
set_EIQlDpgAY5Y,2820,2.1887073516845703,0.0,0.05310329861111111,0.04055918663761801,0.13077256944444443,0.0,0.0,0.4797992684764267,0.0,0.29280842407562524,0.061274457808947,0.13116728581379147,0.0,0.0,0.3358594879334987,0.2528579892708945,0.25340739395665823
set_EIQlDpgAY5Y,2830,2.3596057891845703,0.0,0.048234953703703703,0.0383343545751634,0.12320601851851852,0.0,0.0,0.5172629089366985,0.0,0.2659646603645646,0.05791331105911479,0.12357789644764337,0.0,0.0,0.3620840362556889,0.26711132834337414,0.23457950677835981
set_EIQlDpgAY5Y,2840,1.745139241218567,0.0,0.050050636574074076,0.035622787309368194,0.11639178240740741,0.0,0.0,0.382562123109662,0.0,0.27597622751386064,0.053816833101887,0.11674309263988855,0.0,0.0,0.26779348617676335,0.2056986010043128,0.2299790719861809
set_EIQlDpgAY5Y,2850,1.6525018215179443,0.0,0.05036892361111111,0.029588382806826435,0.09286024305555556,0.0,0.0,0.36225453554127696,0.0,0.2777312432691157,0.04470040610356616,0.09314052704899001,0.0,0.0,0.25357817487889384,0.19292021677746432,0.2263727187846532
set_EIQlDpgAY5Y,2860,1.9935386180877686,0.0,0.04649884259259259,0.03970250658133624,0.12795138888888888,0.0,0.0,0.4370151952483895,0.0,0.2563918471540824,0.05998023545598399,0.12833758996981656,0.0,0.0,0.30591063667387264,0.2313072245348587,0.2681949942583191
set_EIQlDpgAY5Y,2870,2.0794098377227783,0.0,0.04593460648148148,0.0318370438453159,0.09790219907407408,0.0,0.0,0.45583952474696104,0.0,0.2532806828606757,0.04809755228306454,0.09819770141629905,0.0,0.0,0.3190876673228727,0.23482622326325586,0.3105911082104772
set_EIQlDpgAY5Y,2880,3.3433330059051514,1.3888888888888888,0.0638816550925926,0.13362240150689905,0.5679036458333333,0.0,0.0,0.7329114736475589,0.20779220779220778,0.35223963942403574,0.20186894467629077,0.5696177733921522,0.0,0.0,0.5753756938909536,0.4762227057117037,0.31410033117041863
set_EIQlDpgAY5Y,2890,3.289479970932007,0.0,0.05476707175925926,0.12159844203885257,0.5037471064814815,0.0,0.0,0.7211060366322068,0.0,0.301982370069004,0.1837038467490565,0.5052675876480148,0.0,0.0,0.5047742256425448,0.41767917076510325,0.3209951352739693
set_EIQlDpgAY5Y,2900,1.7878257036209106,0.0,0.04747540509259259,0.041686921296296295,0.11532118055555556,0.0,0.0,0.3919196708049843,0.0,0.26177655458497867,0.06297817367436279,0.1156692593452519,0.0,0.0,0.274343769563489,0.21046633157717148,0.33891777354123975
set_EIQlDpgAY5Y,2910,2.3229846954345703,0.0,0.02642505787037037,0.060596632171387076,0.15561342592592592,0.0,0.0,0.509234985980926,0.0,0.14570619440788163,0.0915458639376699,0.15608312050150916,0.0,0.0,0.35646449018664816,0.2657812450526122,0.3057227089358855
set_EIQlDpgAY5Y,2920,2.3746328353881836,0.0,0.04868344907407408,0.051648624727668846,0.1501736111111111,1.0,0.014004629629629629,0.5205570751349825,0.0,0.2684376371106059,0.07802773524630874,0.15062688646389596,1.0,0.4186851211072664,0.36438995259448775,0.3244394145996083,0.2876546102714211
set_EIQlDpgAY5Y,2930,2.3201651573181152,0.0,0.08497540509259259,0.09622489447167756,0.36027922453703703,0.0,0.0,0.5086168986314795,0.0,0.4685493199313948,0.14537096833708735,0.3613666705363362,0.0,0.0,0.3560318290420356,0.31024738268493224,0.2511481482836604
set_EIQlDpgAY5Y,2940,2.437933921813965,0.0,0.009599247685185185,0.13615230119825708,0.5318287037037037,0.0,0.0,0.5344336744608251,0.0,0.052929679709624665,0.20569096983877783,0.533433944741119,0.0,0.0,0.37410357212257755,0.3273386774427811,0.24570290602904493
set_EIQlDpgAY5Y,2950,0.23606950044631958,0.0,0.009382233796296297,0.005743662627087872,0.007559317129629629,0.0,0.0,0.051750168215299694,0.0,0.05173307805831439,0.008677191099929574,0.007582133735778964,0.0,0.0,0.03622511775070978,0.027934021638367914,0.22943437701088207
set_EIQlDpgAY5Y,2960,1.8133316040039062,0.0,0.05978009259259259,0.0871515012254902,0.23373842592592592,0.0,0.0,0.39751096757482196,0.0,0.3296238682142715,0.13166341407533988,0.23444392848850706,0.0,0.0,0.27825767730237533,0.23855503377953519,0.2158065345353822
set_EIQlDpgAY5Y,2970,2.1003830432891846,0.0,0.04773582175925926,0.04481992102396514,0.12544849537037037,0.0,0.0,0.4604371831230899,0.0,0.263212476566551,0.06771132725911527,0.12582714186208496,0.0,0.0,0.3223060281861629,0.2430967695087938,0.1937650386170938
set_EIQlDpgAY5Y,2980,2.1657326221466064,0.0,0.006394675925925926,0.05594697485475672,0.1398148148148148,0.0,0.0,0.4747628443892711,0.0,0.035259861991942885,0.08452143236759292,0.14023682377524957,0.0,0.0,0.33233399107248973,0.24210817030743303,0.2433201776676178
set_EIQlDpgAY5Y,2990,1.765838861465454,0.0,0.049146412037037034,0.06239024487109659,0.15202546296296296,0.0,0.0,0.38709980725667786,0.0,0.2709903873000678,0.09425554957993594,0.1524843278384026,0.0,0.0,0.27096986507967447,0.21713119785133908,0.29431492781056606
set_EIQlDpgAY5Y,3000,2.4036619663238525,0.0,0.05128761574074074,0.04540024169389978,0.14124710648148148,0.0,0.0,0.5269207197660112,0.0,0.2827968569263292,0.06858804194087839,0.14167343858834455,0.0,0.0,0.3688445038362078,0.2757097168909877,0.4088470614049678
set_EIQlDpgAY5Y,3010,3.344743490219116,0.9548611111111112,0.0339916087962963,0.13432007988380537,0.4506221064814815,1.0,0.0052734375,0.7332206741176523,0.14285714285714288,0.18742770531690003,0.20292295654915982,0.4519822382168563,1.0,0.15765570934256057,0.5561116147394994,0.4935287844942768,0.4616256235564952
set_EIQlDpgAY5Y,3020,4.501935005187988,6.684027777777778,0.13941695601851853,0.22492919389978214,0.8199869791666666,0.0,0.0,0.9868953565469227,1.0,0.7687367875234336,0.33980993072552607,0.8224619804968655,0.0,0.0,0.9908267495828458,0.8157574374808024,0.4927982335774452
set_EIQlDpgAY5Y,3030,3.368464469909668,0.0,0.05719039351851852,0.28642741240014524,0.9275679976851852,0.0,0.0,0.7384206880410812,0.0,0.3153444218419688,0.43271785879849417,0.9303677153471093,0.0,0.0,0.5168944816287568,0.5060009810650701,0.49425415363244
set_EIQlDpgAY5Y,3040,2.7268848419189453,0.0,0.05900607638888889,0.06938299972766884,0.21937934027777778,1.0,0.010445601851851852,0.5977762862473004,0.0,0.32535598899126483,0.10481979649779548,0.22004150220571161,1.0,0.31228373702422146,0.41844340037311023,0.37299424795608893,0.44940997203964494
set_EIQlDpgAY5Y,3050,2.392530918121338,0.0,0.05232204861111111,0.06008158587509078,0.18875868055555556,0.0,0.0,0.5244806179493695,0.0,0.2885006581309082,0.09076776197931379,0.18932841885302995,0.0,0.0,0.36713643256455863,0.28298931716596176,0.33872177528347913
set_EIQlDpgAY5Y,3060,2.39321231842041,0.0,0.025904224537037036,0.050710585738925194,0.14547164351851852,0.0,0.0,0.5246299916720752,0.0,0.14283435044473694,0.07661060055491406,0.14591072672393776,0.0,0.0,0.36724099417045264,0.2693078765303016,0.28144380016512227
set_EIQlDpgAY5Y,3070,2.2823245525360107,0.0,0.047779224537037035,0.04800310344045026,0.13081597222222222,0.0,0.0,0.500321639569465,0.0,0.26345179689681303,0.07252029392848619,0.1312108195960065,0.0,0.0,0.35022514769862545,0.2623164536999735,0.26169391791831664
set_EIQlDpgAY5Y,3080,1.9137462377548218,0.0,0.0460865162037037,0.03420226829157589,0.10337818287037037,0.0,0.0,0.4195234434688404,0.0,0.25411830401659286,0.05167079567267999,0.10369021360575806,0.0,0.0,0.29366641042818825,0.2196111054732856,0.26240991119755047
set_EIQlDpgAY5Y,3090,2.3898444175720215,0.0,0.055418113425925924,0.044145702841321716,0.13171296296296298,0.0,0.0,0.5238916945387859,0.0,0.3055721750229349,0.06669275768188188,0.13211051776178315,0.0,0.0,0.36672418617715014,0.274244836722061,0.2606662635859399
set_EIQlDpgAY5Y,3100,2.516913414001465,0.0,0.025361689814814816,0.06162610067175018,0.17273582175925925,0.0,0.0,0.5517472283021079,0.0,0.13984284631646127,0.09310112501217659,0.1732571975853262,0.0,0.0,0.3862230598114755,0.28656928356213074,0.2631224342127555
set_EIQlDpgAY5Y,3110,2.1878786087036133,0.0,0.05227864583333333,0.058934589460784316,0.16942274305555555,0.0,0.0,0.47961759490745365,0.0,0.28826133780064617,0.08903494657491784,0.16993411887624796,0.0,0.0,0.33573231643521756,0.2605896384722489,0.2734623868391545
set_EIQlDpgAY5Y,3120,2.351745367050171,0.0,0.06187065972222222,0.04892244803013798,0.14416956018518517,0.0,0.0,0.515539780082995,0.0,0.34115113078856046,0.07390918621017847,0.1446047132574878,0.0,0.0,0.3608778460580964,0.2745973068340513,0.2601057495507308
set_EIQlDpgAY5Y,3130,2.393587350845337,0.0,0.045196759259259256,0.04383921682098765,0.12756799768518517,0.0,0.0,0.5247122047111992,0.0,0.2492122372462207,0.06622973644603258,0.12795304156025072,0.0,0.0,0.3672985432978394,0.2713108686052806,0.2598964015641875
set_EIQlDpgAY5Y,3140,1.8109383583068848,0.0,0.044487847222222224,0.03356924019607843,0.08918547453703704,0.0,0.0,0.39698633026603264,0.0,0.24530333851860717,0.0507144536810124,0.08945466682145345,0.0,0.0,0.2778904311862228,0.20746165027994226,0.2676561683688055
set_EIQlDpgAY5Y,3150,2.5326037406921387,0.0,0.0515552662037037,0.04076686751089324,0.12199797453703703,0.0,0.0,0.5551867960737185,0.0,0.2842726656296119,0.0615882099810733,0.12236620617599256,0.0,0.0,0.3886307572516029,0.2855225436294142,0.3267289589640999
set_EIQlDpgAY5Y,3160,2.67413067817688,0.08680555555555555,0.0107421875,0.06443721064814814,0.15385561342592594,0.0,0.0,0.5862117391857449,0.012987012987012986,0.0592317817398588,0.09734798630118845,0.1543200023218017,0.0,0.0,0.41424432132612526,0.2993884724953392,0.37237153722439686
set_EIQlDpgAY5Y,3170,2.181769609451294,5.815972222222222,0.12765480324074074,0.25743690994916485,0.8691550925925926,0.0,0.0,0.47827840565031976,0.8701298701298702,0.7038809780224163,0.388920695527838,0.87177850011609,0.0,0.0,0.5958338449941849,0.5699612598105234,0.3833970994136188
set_EIQlDpgAY5Y,3180,3.675934314727783,0.0,0.051186342592592596,0.21042259554284676,0.7488136574074075,0.0,0.0,0.805822941023303,0.0,0.28223844282238447,0.3178942065046426,0.7510738332946366,0.0,0.0,0.5640760587163121,0.4995237599067656,0.33946320274687086
set_EIQlDpgAY5Y,3190,2.332185983657837,0.0,0.023849826388888887,0.05036523579339143,0.14493634259259258,0.0,0.0,0.5112520538886872,0.0,0.13150652147899963,0.07608886596353781,0.14537381007661943,0.0,0.0,0.35787643772208105,0.26258946122605187,0.33219037463442813
set_EIQlDpgAY5Y,3200,0.5293632745742798,0.0,0.026830150462962964,0.01357105573710966,0.031510416666666666,0.0,0.0,0.11604480229096852,0.0,0.14793985082366082,0.020502360898310912,0.03160552588808915,0.0,0.0,0.08123136160367796,0.06585306029567442,0.26872554355154665
set_EIQlDpgAY5Y,3210,2.2587525844573975,0.0,0.05228587962962963,0.05023806281771968,0.14361979166666666,0.0,0.0,0.49515429134816735,0.0,0.2883012245223565,0.07589674043592652,0.14405328534943115,0.0,0.0,0.3466080039437171,0.26302433193312524,0.23127142184205055
set_EIQlDpgAY5Y,3220,2.1978769302368164,0.0,0.05222800925925926,0.03915509259259259,0.12513020833333333,0.0,0.0,0.48180938512277444,0.0,0.2879821307486738,0.05915323427233131,0.12550789412584165,0.0,0.0,0.3372665695859421,0.25263710439611603,0.23830239172029244
set_EIQlDpgAY5Y,3230,2.2577624320983887,0.0,0.052271412037037036,0.04652156522331155,0.1453414351851852,1.0,0.007407407407407408,0.49493723429064573,0.0,0.2882214510789358,0.07028207224545543,0.1457801253772928,1.0,0.22145328719723184,0.34645606400345197,0.31225315135928494,0.2792398343007357
set_EIQlDpgAY5Y,3240,2.516995429992676,0.1736111111111111,0.06352719907407407,0.05044551674836602,0.15263310185185186,0.0,0.0,0.5517652075045609,0.025974025974025972,0.35028519006022896,0.07621014975634173,0.1530938007894126,0.0,0.0,0.39402785304540044,0.2977443106172616,0.2838784906706199
set_EIQlDpgAY5Y,3250,2.3336572647094727,0.0,0.05619936342592593,0.04558502972948438,0.14463975694444445,0.0,0.0,0.5115745819652502,0.0,0.30987994096765187,0.06886720894664683,0.14507632923148361,0.0,0.0,0.3581022073756751,0.2705402731978906,0.28514416312169977
set_EIQlDpgAY5Y,3260,2.468932867050171,0.0,0.026765046296296297,0.07090643722766884,0.19159432870370371,0.0,0.0,0.541229133541467,0.0,0.14758087032826772,0.10712131717798928,0.1921726259577432,0.0,0.0,0.37886039347902684,0.28621761378254623,0.2761509084015513
set_EIQlDpgAY5Y,3270,2.2158210277557373,0.0,0.047750289351851855,0.053956234114015976,0.14944299768518518,0.0,0.0,0.48574301510597956,0.0,0.2632922500099717,0.08151393715776703,0.14989406779661016,0.0,0.0,0.3400201105741857,0.2589654666515155,0.27727938193056934
set_EIQlDpgAY5Y,3280,2.3338229656219482,0.0,0.053559027777777775,0.040954520697167755,0.12975983796296298,0.0,0.0,0.5116109062260201,0.0,0.2953212875433768,0.06187170548969446,0.1301514975621082,0.0,0.0,0.35812763435821404,0.2672868777585429,0.2889796992166874
set_EIQlDpgAY5Y,3290,2.623513698577881,0.0,0.05884693287037037,0.0515932223583878,0.1661892361111111,0.0,0.0,0.5751156966904365,0.0,0.32447848111363725,0.07794403657233487,0.16669085210123055,0.0,0.0,0.4025809876833055,0.3033866782623516,0.29654698980056976
set_EIQlDpgAY5Y,3300,2.313961982727051,0.1736111111111111,0.06216724537037037,0.05205471019426289,0.16595775462962964,1.0,0.016666666666666666,0.5072570646505987,0.025974025974025972,0.34278648637868453,0.07864122552686986,0.16645867192941724,1.0,0.4982698961937716,0.3628721530476269,0.32904185962848104,0.30505997839018334
set_EIQlDpgAY5Y,3310,2.3495287895202637,0.0,0.0568359375,0.050032594635076255,0.15226417824074073,1.0,0.007877604166666666,0.5150538712306524,0.0,0.313389972478162,0.07558633106798351,0.15272376364058507,1.0,0.23551038062283736,0.36053770986145667,0.3240540667019577,0.29605330202083424
set_EIQlDpgAY5Y,3320,2.667686700820923,0.0,0.011234085648148148,0.07289045479302833,0.18699363425925927,0.0,0.0,0.5847991174302201,0.0,0.061944078816162096,0.11011865540587365,0.18755804504295334,0.0,0.0,0.40935938220115403,0.3015304095995835,0.27983415869931916
set_EIQlDpgAY5Y,3330,1.8954046964645386,0.0,0.04346064814814815,0.04978003585693537,0.11978443287037037,0.0,0.0,0.4155026875249109,0.0,0.2396394240357385,0.07520477996998591,0.12014598328302763,0.0,0.0,0.2908518812674376,0.22225349591179747,0.25193242134582683
set_EIQlDpgAY5Y,3340,1.982137680053711,0.0,0.04361255787037037,0.028685803603848946,0.08209635416666666,0.0,0.0,0.43451592931204774,0.0,0.2404770451916557,0.04333684199203187,0.0823441490596703,0.0,0.0,0.3041611505184334,0.22229096165477608,0.2275187966042412
set_EIQlDpgAY5Y,3350,1.658095359802246,0.0,0.04421296296296296,0.02690997753267974,0.0765625,0.0,0.0,0.36348072760159844,0.0,0.24378764309361411,0.0406540273526238,0.07679359182725795,0.0,0.0,0.2544365093211189,0.1895331728610194,0.20531798077647787
set_EIQlDpgAY5Y,3360,1.7888696193695068,0.0,0.04053096064814815,0.029077563316993463,0.07732204861111111,0.0,0.0,0.3921485136478349,0.0,0.22348530174304976,0.0439286897583294,0.07755543301602043,0.0,0.0,0.2745039595534844,0.20198594299402967,0.19890928919478942
set_EIQlDpgAY5Y,3370,1.6622018814086914,0.0,0.04869068287037037,0.026471524373638346,0.07110821759259259,0.0,0.0,0.3643809420872119,0.0,0.2684775238323162,0.03999163784676611,0.07132284652890643,0.0,0.0,0.2550666594610483,0.19052633046076672,0.19467986112382712
set_EIQlDpgAY5Y,3380,1.683549404144287,0.0,0.04489293981481481,0.022266702977487292,0.06689814814814815,0.0,0.0,0.3690606567070944,0.0,0.24753699493438633,0.033639238486921685,0.06710006965405155,0.0,0.0,0.2583424596949661,0.19021003800335523,0.18750253344570464
set_EIQlDpgAY5Y,3390,1.7780567407608032,0.0,0.04348958333333333,0.03096425086238199,0.0671657986111111,0.0,0.0,0.38977815963838386,0.0,0.23979897092257987,0.046778987458612975,0.06736852797771069,0.0,0.0,0.2728447117468687,0.20114382129996475,0.1757654708750896
set_EIQlDpgAY5Y,3400,1.3194987773895264,0.0,0.03702980324074074,0.031336209831154684,0.061530671296296295,0.0,0.0,0.28925500143258703,0.0,0.2041801284352439,0.047340921413116466,0.061716391920130016,0.0,0.0,0.20247850100281092,0.15364653447040685,0.18984977757203397
set_EIQlDpgAY5Y,3410,1.2311404943466187,0.0,0.040393518518518516,0.023068746595860567,0.05471643518518519,0.0,0.0,0.2698854682991643,0.0,0.22272745403055322,0.034850919290435815,0.0548815881123752,0.0,0.0,0.18891982780941502,0.1433006301409545,0.16579561780880667
set_EIQlDpgAY5Y,3420,2.3511269092559814,0.0,0.028956886574074074,0.043589352986564994,0.11121238425925926,0.0,0.0,0.5154042043528695,0.0,0.15966654700650154,0.06585225671210437,0.11154806129556535,0.0,0.0,0.36078294304700864,0.2609478639454885,0.1716617815215386
set_EIQlDpgAY5Y,3430,0.5636659860610962,0.0,0.023227719907407407,0.019336845270515615,0.03538773148148148,0.0,0.0,0.12356449918670241,0.0,0.12807626341191017,0.029212980040073368,0.03549454376596238,0.0,0.0,0.08649514943069168,0.06993923918721882,0.18213319209327264
set_EIQlDpgAY5Y,3440,1.9815489053726196,0.0,0.04498697916666667,0.045117017293028326,0.12336516203703704,0.0,0.0,0.4343868605897868,0.0,0.2480555223166208,0.06816016300541754,0.12373752031576503,0.0,0.0,0.3040708024128507,0.23047463986362426,0.19205876326679866
set_EIQlDpgAY5Y,3450,1.7961806058883667,0.0,0.04325810185185185,0.03258362835875091,0.09476996527777778,0.0,0.0,0.3937511975246401,0.0,0.23852259582784893,0.04922544869967703,0.09505601346644997,0.0,0.0,0.27562583826724807,0.20600358732907706,0.21905136428613084
set_EIQlDpgAY5Y,3460,1.7056221961975098,0.0,0.038642939814814814,0.027743452705156137,0.07709780092592593,0.0,0.0,0.37389936183239014,0.0,0.21307486737665032,0.04191319311812617,0.07733050847457627,0.0,0.0,0.2617295532826731,0.19292848600858464,0.28936113812842973
set_EIQlDpgAY5Y,3470,2.9524118900299072,0.1736111111111111,0.05853587962962963,0.11903983410493828,0.5618561921296297,0.0,0.0,0.6472153821693768,0.025974025974025972,0.32276335208009255,0.17983845084511446,0.5635520664035292,0.0,0.0,0.4608429753107715,0.39591086904214945,0.28902795066613807
set_EIQlDpgAY5Y,3480,3.292646646499634,0.0,0.03923611111111111,0.12096606640341322,0.5827256944444444,0.0,0.0,0.7218002220013382,0.0,0.2163455785568984,0.18274849045605834,0.5844845600185744,0.0,0.0,0.5052601554009367,0.4214881083987133,0.2873784916976616
set_EIQlDpgAY5Y,3490,2.0471668243408203,0.0,0.03927228009259259,0.03359701230029049,0.08395543981481482,0.0,0.0,0.4487713462523659,0.0,0.21654501216545013,0.050756410159159056,0.0842088460645461,0.0,0.0,0.3141399423766561,0.22880870255216562,0.30899711615929737
set_EIQlDpgAY5Y,3500,1.6593905687332153,0.0,0.05063657407407408,0.04033675449346405,0.10928096064814814,0.0,0.0,0.3637646578845231,0.0,0.2792070519723984,0.06093842027559877,0.1096108079869979,0.0,0.0,0.2546352605191662,0.1977562924866949,0.2733844859868534
set_EIQlDpgAY5Y,3510,2.6866252422332764,0.0,0.047388599537037036,0.04581608569353667,0.12508680555555557,0.0,0.0,0.5889507452431682,0.0,0.26129791392445456,0.06921627484501709,0.12546436034362665,0.0,0.0,0.4122655216702177,0.30102160831676367,0.20493258530850605
set_EIQlDpgAY5Y,3520,1.9012919664382935,0.0,0.005837673611111111,0.06108302696078431,0.14794560185185185,0.0,0.0,0.4167932702172734,0.0,0.032188584420246504,0.09228068086749883,0.1483921523101927,0.0,0.0,0.29175528915209137,0.21784771817992946,0.20515303681631628
set_EIQlDpgAY5Y,3530,0.49532708525657654,0.0,0.011096643518518518,0.04489299655047204,0.17081886574074073,0.0,0.0,0.10858353127006654,0.0,0.061186231103665584,0.06782172551009157,0.17133445553749707,0.0,0.0,0.07600847188904657,0.07922860500697666,0.20539237150492262
set_EIQlDpgAY5Y,3540,1.9450141191482544,0.0,0.04150028935185185,0.049699499591503264,0.15290798611111112,0.0,0.0,0.42637785760868874,0.0,0.22883012245223563,0.075083110469007,0.1533695147434409,0.0,0.0,0.29846450032608207,0.22991096009121684,0.18990530564111072
set_EIQlDpgAY5Y,3550,1.7811758518218994,0.0,0.03975694444444444,0.026221490332244007,0.06323061342592592,0.0,0.0,0.39046191811539493,0.0,0.21921742252004306,0.03961390097405457,0.06342146505688413,0.0,0.0,0.27332334268077646,0.19895296592972647,0.187939631664266
set_EIQlDpgAY5Y,3560,2.0020077228546143,0.0,0.042578125,0.030308471768336964,0.07464554398148149,0.0,0.0,0.4388717569621587,0.0,0.23477324398707672,0.04578827458290696,0.07487084977942884,0.0,0.0,0.30721022987351104,0.22358627899770417,0.21511738832858832
set_EIQlDpgAY5Y,3570,1.8345979452133179,0.0,0.04194155092592593,0.03284061251815541,0.08012152777777778,0.0,0.0,0.4021728859201834,0.0,0.23126321247656656,0.04961368540604121,0.08036336196888785,0.0,0.0,0.2815210201441284,0.20801934829570584,0.2101861977410455
